"date","count","package"
2018-06-30,0,"tidybayes"
2018-07-01,0,"tidybayes"
2018-07-02,0,"tidybayes"
2018-07-03,0,"tidybayes"
2018-07-04,0,"tidybayes"
2018-07-05,0,"tidybayes"
2018-07-06,0,"tidybayes"
2018-07-07,0,"tidybayes"
2018-07-08,0,"tidybayes"
2018-07-09,0,"tidybayes"
2018-07-10,0,"tidybayes"
2018-07-11,0,"tidybayes"
2018-07-12,0,"tidybayes"
2018-07-13,0,"tidybayes"
2018-07-14,0,"tidybayes"
2018-07-15,0,"tidybayes"
2018-07-16,0,"tidybayes"
2018-07-17,0,"tidybayes"
2018-07-18,0,"tidybayes"
2018-07-19,0,"tidybayes"
2018-07-20,0,"tidybayes"
2018-07-21,0,"tidybayes"
2018-07-22,0,"tidybayes"
2018-07-23,0,"tidybayes"
2018-07-24,0,"tidybayes"
2018-07-25,0,"tidybayes"
2018-07-26,0,"tidybayes"
2018-07-27,0,"tidybayes"
2018-07-28,0,"tidybayes"
2018-07-29,0,"tidybayes"
2018-07-30,0,"tidybayes"
2018-07-31,0,"tidybayes"
2018-08-01,0,"tidybayes"
2018-08-02,26,"tidybayes"
2018-08-03,54,"tidybayes"
2018-08-04,15,"tidybayes"
2018-08-05,16,"tidybayes"
2018-08-06,32,"tidybayes"
2018-08-07,26,"tidybayes"
2018-08-08,20,"tidybayes"
2018-08-09,26,"tidybayes"
2018-08-10,23,"tidybayes"
2018-08-11,8,"tidybayes"
2018-08-12,5,"tidybayes"
2018-08-13,24,"tidybayes"
2018-08-14,19,"tidybayes"
2018-08-15,17,"tidybayes"
2018-08-16,21,"tidybayes"
2018-08-17,16,"tidybayes"
2018-08-18,9,"tidybayes"
2018-08-19,11,"tidybayes"
2018-08-20,31,"tidybayes"
2018-08-21,20,"tidybayes"
2018-08-22,18,"tidybayes"
2018-08-23,16,"tidybayes"
2018-08-24,32,"tidybayes"
2018-08-25,4,"tidybayes"
2018-08-26,7,"tidybayes"
2018-08-27,26,"tidybayes"
2018-08-28,24,"tidybayes"
2018-08-29,22,"tidybayes"
2018-08-30,18,"tidybayes"
2018-08-31,16,"tidybayes"
2018-09-01,5,"tidybayes"
2018-09-02,8,"tidybayes"
2018-09-03,14,"tidybayes"
2018-09-04,23,"tidybayes"
2018-09-05,21,"tidybayes"
2018-09-06,13,"tidybayes"
2018-09-07,29,"tidybayes"
2018-09-08,46,"tidybayes"
2018-09-09,16,"tidybayes"
2018-09-10,43,"tidybayes"
2018-09-11,11,"tidybayes"
2018-09-12,37,"tidybayes"
2018-09-13,32,"tidybayes"
2018-09-14,41,"tidybayes"
2018-09-15,18,"tidybayes"
2018-09-16,18,"tidybayes"
2018-09-17,24,"tidybayes"
2018-09-18,27,"tidybayes"
2018-09-19,23,"tidybayes"
2018-09-20,30,"tidybayes"
2018-09-21,12,"tidybayes"
2018-09-22,13,"tidybayes"
2018-09-23,13,"tidybayes"
2018-09-24,24,"tidybayes"
2018-09-25,17,"tidybayes"
2018-09-26,25,"tidybayes"
2018-09-27,45,"tidybayes"
2018-09-28,32,"tidybayes"
2018-09-29,17,"tidybayes"
2018-09-30,27,"tidybayes"
2018-10-01,37,"tidybayes"
2018-10-02,31,"tidybayes"
2018-10-03,22,"tidybayes"
2018-10-04,23,"tidybayes"
2018-10-05,31,"tidybayes"
2018-10-06,16,"tidybayes"
2018-10-07,15,"tidybayes"
2018-10-08,8,"tidybayes"
2018-10-09,28,"tidybayes"
2018-10-10,20,"tidybayes"
2018-10-11,20,"tidybayes"
2018-10-12,24,"tidybayes"
2018-10-13,20,"tidybayes"
2018-10-14,15,"tidybayes"
2018-10-15,29,"tidybayes"
2018-10-16,24,"tidybayes"
2018-10-17,30,"tidybayes"
2018-10-18,30,"tidybayes"
2018-10-19,35,"tidybayes"
2018-10-20,16,"tidybayes"
2018-10-21,19,"tidybayes"
2018-10-22,435,"tidybayes"
2018-10-23,75,"tidybayes"
2018-10-24,53,"tidybayes"
2018-10-25,43,"tidybayes"
2018-10-26,45,"tidybayes"
2018-10-27,30,"tidybayes"
2018-10-28,30,"tidybayes"
2018-10-29,40,"tidybayes"
2018-10-30,40,"tidybayes"
2018-10-31,40,"tidybayes"
2018-11-01,25,"tidybayes"
2018-11-02,35,"tidybayes"
2018-11-03,12,"tidybayes"
2018-11-04,14,"tidybayes"
2018-11-05,43,"tidybayes"
2018-11-06,30,"tidybayes"
2018-11-07,43,"tidybayes"
2018-11-08,34,"tidybayes"
2018-11-09,51,"tidybayes"
2018-11-10,17,"tidybayes"
2018-11-11,76,"tidybayes"
2018-11-12,29,"tidybayes"
2018-11-13,45,"tidybayes"
2018-11-14,27,"tidybayes"
2018-11-15,35,"tidybayes"
2018-11-16,29,"tidybayes"
2018-11-17,19,"tidybayes"
2018-11-18,32,"tidybayes"
2018-11-19,42,"tidybayes"
2018-11-20,29,"tidybayes"
2018-11-21,28,"tidybayes"
2018-11-22,17,"tidybayes"
2018-11-23,20,"tidybayes"
2018-11-24,14,"tidybayes"
2018-11-25,14,"tidybayes"
2018-11-26,22,"tidybayes"
2018-11-27,32,"tidybayes"
2018-11-28,29,"tidybayes"
2018-11-29,25,"tidybayes"
2018-11-30,19,"tidybayes"
2018-12-01,15,"tidybayes"
2018-12-02,15,"tidybayes"
2018-12-03,30,"tidybayes"
2018-12-04,22,"tidybayes"
2018-12-05,25,"tidybayes"
2018-12-06,32,"tidybayes"
2018-12-07,26,"tidybayes"
2018-12-08,18,"tidybayes"
2018-12-09,17,"tidybayes"
2018-12-10,35,"tidybayes"
2018-12-11,19,"tidybayes"
2018-12-12,84,"tidybayes"
2018-12-13,33,"tidybayes"
2018-12-14,14,"tidybayes"
2018-12-15,18,"tidybayes"
2018-12-16,13,"tidybayes"
2018-12-17,23,"tidybayes"
2018-12-18,25,"tidybayes"
2018-12-19,23,"tidybayes"
2018-12-20,21,"tidybayes"
2018-12-21,20,"tidybayes"
2018-12-22,7,"tidybayes"
2018-12-23,13,"tidybayes"
2018-12-24,9,"tidybayes"
2018-12-25,13,"tidybayes"
2018-12-26,14,"tidybayes"
2018-12-27,16,"tidybayes"
2018-12-28,19,"tidybayes"
2018-12-29,17,"tidybayes"
2018-12-30,15,"tidybayes"
2018-12-31,15,"tidybayes"
2019-01-01,11,"tidybayes"
2019-01-02,24,"tidybayes"
2019-01-03,25,"tidybayes"
2019-01-04,54,"tidybayes"
2019-01-05,16,"tidybayes"
2019-01-06,14,"tidybayes"
2019-01-07,32,"tidybayes"
2019-01-08,37,"tidybayes"
2019-01-09,31,"tidybayes"
2019-01-10,29,"tidybayes"
2019-01-11,27,"tidybayes"
2019-01-12,10,"tidybayes"
2019-01-13,5,"tidybayes"
2019-01-14,23,"tidybayes"
2019-01-15,29,"tidybayes"
2019-01-16,32,"tidybayes"
2019-01-17,74,"tidybayes"
2019-01-18,34,"tidybayes"
2019-01-19,18,"tidybayes"
2019-01-20,23,"tidybayes"
2019-01-21,24,"tidybayes"
2019-01-22,33,"tidybayes"
2019-01-23,47,"tidybayes"
2019-01-24,33,"tidybayes"
2019-01-25,23,"tidybayes"
2019-01-26,13,"tidybayes"
2019-01-27,17,"tidybayes"
2019-01-28,28,"tidybayes"
2019-01-29,24,"tidybayes"
2019-01-30,52,"tidybayes"
2019-01-31,29,"tidybayes"
2019-02-01,21,"tidybayes"
2019-02-02,7,"tidybayes"
2019-02-03,18,"tidybayes"
2019-02-04,50,"tidybayes"
2019-02-05,38,"tidybayes"
2019-02-06,46,"tidybayes"
2019-02-07,30,"tidybayes"
2019-02-08,24,"tidybayes"
2019-02-09,18,"tidybayes"
2019-02-10,14,"tidybayes"
2019-02-11,41,"tidybayes"
2019-02-12,47,"tidybayes"
2019-02-13,40,"tidybayes"
2019-02-14,38,"tidybayes"
2019-02-15,27,"tidybayes"
2019-02-16,9,"tidybayes"
2019-02-17,9,"tidybayes"
2019-02-18,43,"tidybayes"
2019-02-19,58,"tidybayes"
2019-02-20,151,"tidybayes"
2019-02-21,90,"tidybayes"
2019-02-22,67,"tidybayes"
2019-02-23,36,"tidybayes"
2019-02-24,87,"tidybayes"
2019-02-25,79,"tidybayes"
2019-02-26,63,"tidybayes"
2019-02-27,63,"tidybayes"
2019-02-28,40,"tidybayes"
2019-03-01,59,"tidybayes"
2019-03-02,21,"tidybayes"
2019-03-03,22,"tidybayes"
2019-03-04,45,"tidybayes"
2019-03-05,49,"tidybayes"
2019-03-06,52,"tidybayes"
2019-03-07,63,"tidybayes"
2019-03-08,49,"tidybayes"
2019-03-09,36,"tidybayes"
2019-03-10,27,"tidybayes"
2019-03-11,45,"tidybayes"
2019-03-12,51,"tidybayes"
2019-03-13,69,"tidybayes"
2019-03-14,52,"tidybayes"
2019-03-15,53,"tidybayes"
2019-03-16,24,"tidybayes"
2019-03-17,40,"tidybayes"
2019-03-18,56,"tidybayes"
2019-03-19,67,"tidybayes"
2019-03-20,44,"tidybayes"
2019-03-21,55,"tidybayes"
2019-03-22,46,"tidybayes"
2019-03-23,24,"tidybayes"
2019-03-24,14,"tidybayes"
2019-03-25,43,"tidybayes"
2019-03-26,62,"tidybayes"
2019-03-27,66,"tidybayes"
2019-03-28,52,"tidybayes"
2019-03-29,53,"tidybayes"
2019-03-30,26,"tidybayes"
2019-03-31,19,"tidybayes"
2019-04-01,48,"tidybayes"
2019-04-02,59,"tidybayes"
2019-04-03,66,"tidybayes"
2019-04-04,58,"tidybayes"
2019-04-05,43,"tidybayes"
2019-04-06,29,"tidybayes"
2019-04-07,20,"tidybayes"
2019-04-08,55,"tidybayes"
2019-04-09,50,"tidybayes"
2019-04-10,55,"tidybayes"
2019-04-11,41,"tidybayes"
2019-04-12,52,"tidybayes"
2019-04-13,28,"tidybayes"
2019-04-14,18,"tidybayes"
2019-04-15,31,"tidybayes"
2019-04-16,54,"tidybayes"
2019-04-17,46,"tidybayes"
2019-04-18,48,"tidybayes"
2019-04-19,27,"tidybayes"
2019-04-20,21,"tidybayes"
2019-04-21,21,"tidybayes"
2019-04-22,33,"tidybayes"
2019-04-23,43,"tidybayes"
2019-04-24,43,"tidybayes"
2019-04-25,49,"tidybayes"
2019-04-26,52,"tidybayes"
2019-04-27,23,"tidybayes"
2019-04-28,46,"tidybayes"
2019-04-29,67,"tidybayes"
2019-04-30,92,"tidybayes"
2019-05-01,90,"tidybayes"
2019-05-02,96,"tidybayes"
2019-05-03,49,"tidybayes"
2019-05-04,19,"tidybayes"
2019-05-05,27,"tidybayes"
2019-05-06,65,"tidybayes"
2019-05-07,43,"tidybayes"
2019-05-08,65,"tidybayes"
2019-05-09,42,"tidybayes"
2019-05-10,54,"tidybayes"
2019-05-11,29,"tidybayes"
2019-05-12,38,"tidybayes"
2019-05-13,52,"tidybayes"
2019-05-14,61,"tidybayes"
2019-05-15,76,"tidybayes"
2019-05-16,83,"tidybayes"
2019-05-17,59,"tidybayes"
2019-05-18,41,"tidybayes"
2019-05-19,34,"tidybayes"
2019-05-20,40,"tidybayes"
2019-05-21,54,"tidybayes"
2019-05-22,63,"tidybayes"
2019-05-23,47,"tidybayes"
2019-05-24,72,"tidybayes"
2019-05-25,32,"tidybayes"
2019-05-26,15,"tidybayes"
2019-05-27,43,"tidybayes"
2019-05-28,40,"tidybayes"
2019-05-29,54,"tidybayes"
2019-05-30,32,"tidybayes"
2019-05-31,37,"tidybayes"
2019-06-01,21,"tidybayes"
2019-06-02,24,"tidybayes"
2019-06-03,149,"tidybayes"
2019-06-04,81,"tidybayes"
2019-06-05,74,"tidybayes"
2019-06-06,76,"tidybayes"
2019-06-07,55,"tidybayes"
2019-06-08,47,"tidybayes"
2019-06-09,64,"tidybayes"
2019-06-10,37,"tidybayes"
2019-06-11,67,"tidybayes"
2019-06-12,65,"tidybayes"
2019-06-13,54,"tidybayes"
2019-06-14,63,"tidybayes"
2019-06-15,20,"tidybayes"
2019-06-16,22,"tidybayes"
2019-06-17,50,"tidybayes"
2019-06-18,44,"tidybayes"
2019-06-19,68,"tidybayes"
2019-06-20,36,"tidybayes"
2019-06-21,50,"tidybayes"
2019-06-22,28,"tidybayes"
2019-06-23,23,"tidybayes"
2019-06-24,50,"tidybayes"
2019-06-25,67,"tidybayes"
2019-06-26,43,"tidybayes"
2019-06-27,44,"tidybayes"
2019-06-28,53,"tidybayes"
2019-06-29,24,"tidybayes"
2019-06-30,25,"tidybayes"
2019-07-01,51,"tidybayes"
2019-07-02,57,"tidybayes"
2019-07-03,60,"tidybayes"
2019-07-04,35,"tidybayes"
2019-07-05,36,"tidybayes"
2019-07-06,46,"tidybayes"
2019-07-07,30,"tidybayes"
2019-07-08,55,"tidybayes"
2019-07-09,108,"tidybayes"
2019-07-10,65,"tidybayes"
2019-07-11,58,"tidybayes"
2019-07-12,40,"tidybayes"
2019-07-13,29,"tidybayes"
2019-07-14,17,"tidybayes"
2019-07-15,46,"tidybayes"
2019-07-16,57,"tidybayes"
2019-07-17,50,"tidybayes"
2019-07-18,60,"tidybayes"
2019-07-19,49,"tidybayes"
2019-07-20,27,"tidybayes"
2019-07-21,30,"tidybayes"
2019-07-22,58,"tidybayes"
2019-07-23,56,"tidybayes"
2019-07-24,58,"tidybayes"
2019-07-25,42,"tidybayes"
2019-07-26,37,"tidybayes"
2019-07-27,18,"tidybayes"
2019-07-28,16,"tidybayes"
2019-07-29,41,"tidybayes"
2019-07-30,56,"tidybayes"
2019-07-31,53,"tidybayes"
2019-08-01,31,"tidybayes"
2019-08-02,57,"tidybayes"
2019-08-03,18,"tidybayes"
2019-08-04,13,"tidybayes"
2019-08-05,47,"tidybayes"
2019-08-06,111,"tidybayes"
2019-08-07,52,"tidybayes"
2019-08-08,35,"tidybayes"
2019-08-09,49,"tidybayes"
2019-08-10,23,"tidybayes"
2019-08-11,28,"tidybayes"
2019-08-12,34,"tidybayes"
2019-08-13,56,"tidybayes"
2019-08-14,52,"tidybayes"
2019-08-15,33,"tidybayes"
2019-08-16,39,"tidybayes"
2019-08-17,21,"tidybayes"
2019-08-18,18,"tidybayes"
2019-08-19,34,"tidybayes"
2019-08-20,46,"tidybayes"
2019-08-21,43,"tidybayes"
2019-08-22,36,"tidybayes"
2019-08-23,47,"tidybayes"
2019-08-24,30,"tidybayes"
2019-08-25,17,"tidybayes"
2019-08-26,32,"tidybayes"
2019-08-27,62,"tidybayes"
2019-08-28,32,"tidybayes"
2019-08-29,43,"tidybayes"
2019-08-30,63,"tidybayes"
2019-08-31,15,"tidybayes"
2019-09-01,15,"tidybayes"
2019-09-02,39,"tidybayes"
2019-09-03,68,"tidybayes"
2019-09-04,44,"tidybayes"
2019-09-05,48,"tidybayes"
2019-09-06,63,"tidybayes"
2019-09-07,41,"tidybayes"
2019-09-08,42,"tidybayes"
2019-09-09,87,"tidybayes"
2019-09-10,227,"tidybayes"
2019-09-11,169,"tidybayes"
2019-09-12,78,"tidybayes"
2019-09-13,88,"tidybayes"
2019-09-14,67,"tidybayes"
2019-09-15,71,"tidybayes"
2019-09-16,122,"tidybayes"
2019-09-17,100,"tidybayes"
2019-09-18,71,"tidybayes"
2019-09-19,90,"tidybayes"
2019-09-20,84,"tidybayes"
2019-09-21,48,"tidybayes"
2019-09-22,51,"tidybayes"
2019-09-23,80,"tidybayes"
2019-09-24,83,"tidybayes"
2019-09-25,94,"tidybayes"
2019-09-26,71,"tidybayes"
2019-09-27,53,"tidybayes"
2019-09-28,24,"tidybayes"
2019-09-29,38,"tidybayes"
2019-09-30,50,"tidybayes"
2019-10-01,37,"tidybayes"
2019-10-02,39,"tidybayes"
2019-10-03,45,"tidybayes"
2019-10-04,49,"tidybayes"
2019-10-05,39,"tidybayes"
2019-10-06,26,"tidybayes"
2019-10-07,41,"tidybayes"
2019-10-08,43,"tidybayes"
2019-10-09,63,"tidybayes"
2019-10-10,38,"tidybayes"
2019-10-11,68,"tidybayes"
2019-10-12,17,"tidybayes"
2019-10-13,24,"tidybayes"
2019-10-14,59,"tidybayes"
2019-10-15,90,"tidybayes"
2019-10-16,57,"tidybayes"
2019-10-17,71,"tidybayes"
2019-10-18,76,"tidybayes"
2019-10-19,34,"tidybayes"
2019-10-20,25,"tidybayes"
2019-10-21,63,"tidybayes"
2019-10-22,68,"tidybayes"
2019-10-23,61,"tidybayes"
2019-10-24,62,"tidybayes"
2019-10-25,46,"tidybayes"
2019-10-26,20,"tidybayes"
2019-10-27,21,"tidybayes"
2019-10-28,65,"tidybayes"
2019-10-29,74,"tidybayes"
2019-10-30,58,"tidybayes"
2019-10-31,71,"tidybayes"
2019-11-01,33,"tidybayes"
2019-11-02,29,"tidybayes"
2019-11-03,18,"tidybayes"
2019-11-04,34,"tidybayes"
2019-11-05,58,"tidybayes"
2019-11-06,56,"tidybayes"
2019-11-07,57,"tidybayes"
2019-11-08,101,"tidybayes"
2019-11-09,19,"tidybayes"
2019-11-10,13,"tidybayes"
2019-11-11,33,"tidybayes"
2019-11-12,38,"tidybayes"
2019-11-13,44,"tidybayes"
2019-11-14,57,"tidybayes"
2019-11-15,45,"tidybayes"
2019-11-16,30,"tidybayes"
2019-11-17,33,"tidybayes"
2019-11-18,82,"tidybayes"
2019-11-19,75,"tidybayes"
2019-11-20,89,"tidybayes"
2019-11-21,38,"tidybayes"
2019-11-22,73,"tidybayes"
2019-11-23,22,"tidybayes"
2019-11-24,22,"tidybayes"
2019-11-25,61,"tidybayes"
2019-11-26,31,"tidybayes"
2019-11-27,55,"tidybayes"
2019-11-28,58,"tidybayes"
2019-11-29,36,"tidybayes"
2019-11-30,20,"tidybayes"
2019-12-01,35,"tidybayes"
2019-12-02,45,"tidybayes"
2019-12-03,39,"tidybayes"
2019-12-04,51,"tidybayes"
2019-12-05,28,"tidybayes"
2019-12-06,54,"tidybayes"
2019-12-07,21,"tidybayes"
2019-12-08,25,"tidybayes"
2019-12-09,43,"tidybayes"
2019-12-10,53,"tidybayes"
2019-12-11,68,"tidybayes"
2019-12-12,51,"tidybayes"
2019-12-13,36,"tidybayes"
2019-12-14,36,"tidybayes"
2019-12-15,23,"tidybayes"
2019-12-16,54,"tidybayes"
2019-12-17,51,"tidybayes"
2019-12-18,104,"tidybayes"
2019-12-19,66,"tidybayes"
2019-12-20,40,"tidybayes"
2019-12-21,29,"tidybayes"
2019-12-22,33,"tidybayes"
2019-12-23,26,"tidybayes"
2019-12-24,11,"tidybayes"
2019-12-25,20,"tidybayes"
2019-12-26,30,"tidybayes"
2019-12-27,21,"tidybayes"
2019-12-28,17,"tidybayes"
2019-12-29,20,"tidybayes"
2019-12-30,33,"tidybayes"
2019-12-31,27,"tidybayes"
2020-01-01,106,"tidybayes"
2020-01-02,49,"tidybayes"
2020-01-03,98,"tidybayes"
2020-01-04,32,"tidybayes"
2020-01-05,27,"tidybayes"
2020-01-06,70,"tidybayes"
2020-01-07,63,"tidybayes"
2020-01-08,84,"tidybayes"
2020-01-09,58,"tidybayes"
2020-01-10,53,"tidybayes"
2020-01-11,31,"tidybayes"
2020-01-12,36,"tidybayes"
2020-01-13,58,"tidybayes"
2020-01-14,79,"tidybayes"
2020-01-15,59,"tidybayes"
2020-01-16,67,"tidybayes"
2020-01-17,48,"tidybayes"
2020-01-18,24,"tidybayes"
2020-01-19,25,"tidybayes"
2020-01-20,50,"tidybayes"
2020-01-21,62,"tidybayes"
2020-01-22,48,"tidybayes"
2020-01-23,79,"tidybayes"
2020-01-24,51,"tidybayes"
2020-01-25,33,"tidybayes"
2020-01-26,39,"tidybayes"
2020-01-27,57,"tidybayes"
2020-01-28,77,"tidybayes"
2020-01-29,302,"tidybayes"
2020-01-30,193,"tidybayes"
2020-01-31,131,"tidybayes"
2020-02-01,95,"tidybayes"
2020-02-02,105,"tidybayes"
2020-02-03,126,"tidybayes"
2020-02-04,138,"tidybayes"
2020-02-05,134,"tidybayes"
2020-02-06,113,"tidybayes"
2020-02-07,98,"tidybayes"
2020-02-08,76,"tidybayes"
2020-02-09,52,"tidybayes"
2020-02-10,88,"tidybayes"
2020-02-11,103,"tidybayes"
2020-02-12,119,"tidybayes"
2020-02-13,90,"tidybayes"
2020-02-14,103,"tidybayes"
2020-02-15,41,"tidybayes"
2020-02-16,45,"tidybayes"
2020-02-17,77,"tidybayes"
2020-02-18,78,"tidybayes"
2020-02-19,98,"tidybayes"
2020-02-20,77,"tidybayes"
2020-02-21,101,"tidybayes"
2020-02-22,46,"tidybayes"
2020-02-23,44,"tidybayes"
2020-02-24,98,"tidybayes"
2020-02-25,102,"tidybayes"
2020-02-26,100,"tidybayes"
2020-02-27,76,"tidybayes"
2020-02-28,89,"tidybayes"
2020-02-29,19,"tidybayes"
2020-03-01,51,"tidybayes"
2020-03-02,72,"tidybayes"
2020-03-03,83,"tidybayes"
2020-03-04,101,"tidybayes"
2020-03-05,136,"tidybayes"
2020-03-06,81,"tidybayes"
2020-03-07,58,"tidybayes"
2020-03-08,59,"tidybayes"
2020-03-09,88,"tidybayes"
2020-03-10,103,"tidybayes"
2020-03-11,102,"tidybayes"
2020-03-12,95,"tidybayes"
2020-03-13,65,"tidybayes"
2020-03-14,30,"tidybayes"
2020-03-15,56,"tidybayes"
2020-03-16,76,"tidybayes"
2020-03-17,80,"tidybayes"
2020-03-18,56,"tidybayes"
2020-03-19,119,"tidybayes"
2020-03-20,177,"tidybayes"
2020-03-21,111,"tidybayes"
2020-03-22,157,"tidybayes"
2020-03-23,185,"tidybayes"
2020-03-24,122,"tidybayes"
2020-03-25,132,"tidybayes"
2020-03-26,131,"tidybayes"
2020-03-27,102,"tidybayes"
2020-03-28,84,"tidybayes"
2020-03-29,83,"tidybayes"
2020-03-30,116,"tidybayes"
2020-03-31,118,"tidybayes"
2020-04-01,200,"tidybayes"
2020-04-02,94,"tidybayes"
2020-04-03,99,"tidybayes"
2020-04-04,85,"tidybayes"
2020-04-05,208,"tidybayes"
2020-04-06,237,"tidybayes"
2020-04-07,173,"tidybayes"
2020-04-08,154,"tidybayes"
2020-04-09,147,"tidybayes"
2020-04-10,136,"tidybayes"
2020-04-11,56,"tidybayes"
2020-04-12,97,"tidybayes"
2020-04-13,148,"tidybayes"
2020-04-14,143,"tidybayes"
2020-04-15,166,"tidybayes"
2020-04-16,114,"tidybayes"
2020-04-17,150,"tidybayes"
2020-04-18,67,"tidybayes"
2020-04-19,85,"tidybayes"
2020-04-20,113,"tidybayes"
2020-04-21,93,"tidybayes"
2020-04-22,156,"tidybayes"
2020-04-23,101,"tidybayes"
2020-04-24,167,"tidybayes"
2020-04-25,123,"tidybayes"
2020-04-26,102,"tidybayes"
2020-04-27,151,"tidybayes"
2020-04-28,191,"tidybayes"
2020-04-29,168,"tidybayes"
2020-04-30,153,"tidybayes"
2020-05-01,148,"tidybayes"
2020-05-02,118,"tidybayes"
2020-05-03,116,"tidybayes"
2020-05-04,151,"tidybayes"
2020-05-05,141,"tidybayes"
2020-05-06,142,"tidybayes"
2020-05-07,122,"tidybayes"
2020-05-08,99,"tidybayes"
2020-05-09,90,"tidybayes"
2020-05-10,97,"tidybayes"
2020-05-11,128,"tidybayes"
2020-05-12,115,"tidybayes"
2020-05-13,137,"tidybayes"
2020-05-14,134,"tidybayes"
2020-05-15,136,"tidybayes"
2020-05-16,64,"tidybayes"
2020-05-17,69,"tidybayes"
2020-05-18,106,"tidybayes"
2020-05-19,103,"tidybayes"
2020-05-20,114,"tidybayes"
2020-05-21,109,"tidybayes"
2020-05-22,101,"tidybayes"
2020-05-23,66,"tidybayes"
2020-05-24,46,"tidybayes"
2020-05-25,60,"tidybayes"
2020-05-26,93,"tidybayes"
2020-05-27,186,"tidybayes"
2020-05-28,133,"tidybayes"
2020-05-29,97,"tidybayes"
2020-05-30,58,"tidybayes"
2020-05-31,81,"tidybayes"
2020-06-01,95,"tidybayes"
2020-06-02,146,"tidybayes"
2020-06-03,114,"tidybayes"
2020-06-04,100,"tidybayes"
2020-06-05,109,"tidybayes"
2020-06-06,66,"tidybayes"
2020-06-07,61,"tidybayes"
2020-06-08,136,"tidybayes"
2020-06-09,120,"tidybayes"
2020-06-10,120,"tidybayes"
2020-06-11,136,"tidybayes"
2020-06-12,147,"tidybayes"
2020-06-13,80,"tidybayes"
2020-06-14,75,"tidybayes"
2020-06-15,110,"tidybayes"
2020-06-16,149,"tidybayes"
2020-06-17,123,"tidybayes"
2020-06-18,144,"tidybayes"
2020-06-19,275,"tidybayes"
2020-06-20,183,"tidybayes"
2020-06-21,155,"tidybayes"
2020-06-22,226,"tidybayes"
2020-06-23,168,"tidybayes"
2020-06-24,174,"tidybayes"
2020-06-25,156,"tidybayes"
2020-06-26,168,"tidybayes"
2020-06-27,125,"tidybayes"
2020-06-28,110,"tidybayes"
2020-06-29,150,"tidybayes"
2020-06-30,149,"tidybayes"
2020-07-01,124,"tidybayes"
2020-07-02,143,"tidybayes"
2020-07-03,129,"tidybayes"
2020-07-04,88,"tidybayes"
2020-07-05,77,"tidybayes"
2020-07-06,138,"tidybayes"
2020-07-07,147,"tidybayes"
2020-07-08,187,"tidybayes"
2020-07-09,124,"tidybayes"
2020-07-10,128,"tidybayes"
2020-07-11,65,"tidybayes"
2020-07-12,100,"tidybayes"
2020-07-13,141,"tidybayes"
2020-07-14,129,"tidybayes"
2020-07-15,170,"tidybayes"
2020-07-16,123,"tidybayes"
2020-07-17,137,"tidybayes"
2020-07-18,91,"tidybayes"
2020-07-19,91,"tidybayes"
2020-07-20,113,"tidybayes"
2020-07-21,138,"tidybayes"
2020-07-22,142,"tidybayes"
2020-07-23,86,"tidybayes"
2020-07-24,136,"tidybayes"
2020-07-25,78,"tidybayes"
2020-07-26,94,"tidybayes"
2020-07-27,96,"tidybayes"
2020-07-28,128,"tidybayes"
2020-07-29,107,"tidybayes"
2020-07-30,132,"tidybayes"
2020-07-31,117,"tidybayes"
2020-08-01,77,"tidybayes"
2020-08-02,58,"tidybayes"
2020-08-03,172,"tidybayes"
2020-08-04,118,"tidybayes"
2020-08-05,126,"tidybayes"
2020-08-06,137,"tidybayes"
2020-08-07,101,"tidybayes"
2020-08-08,70,"tidybayes"
2020-08-09,73,"tidybayes"
2020-08-10,168,"tidybayes"
2020-08-11,132,"tidybayes"
2020-08-12,139,"tidybayes"
2020-08-13,144,"tidybayes"
2020-08-14,106,"tidybayes"
2020-08-15,59,"tidybayes"
2020-08-16,62,"tidybayes"
2020-08-17,140,"tidybayes"
2020-08-18,134,"tidybayes"
2020-08-19,142,"tidybayes"
2020-08-20,114,"tidybayes"
2020-08-21,96,"tidybayes"
2020-08-22,61,"tidybayes"
2020-08-23,61,"tidybayes"
2020-08-24,116,"tidybayes"
2020-08-25,113,"tidybayes"
2020-08-26,119,"tidybayes"
2020-08-27,109,"tidybayes"
2020-08-28,94,"tidybayes"
2020-08-29,56,"tidybayes"
2020-08-30,81,"tidybayes"
2020-08-31,121,"tidybayes"
2020-09-01,114,"tidybayes"
2020-09-02,148,"tidybayes"
2020-09-03,125,"tidybayes"
2020-09-04,120,"tidybayes"
2020-09-05,62,"tidybayes"
2020-09-06,81,"tidybayes"
2020-09-07,125,"tidybayes"
2020-09-08,129,"tidybayes"
2020-09-09,128,"tidybayes"
2020-09-10,140,"tidybayes"
2020-09-11,116,"tidybayes"
2020-09-12,66,"tidybayes"
2020-09-13,84,"tidybayes"
2020-09-14,156,"tidybayes"
2020-09-15,118,"tidybayes"
2020-09-16,109,"tidybayes"
2020-09-17,122,"tidybayes"
2020-09-18,122,"tidybayes"
2020-09-19,66,"tidybayes"
2020-09-20,89,"tidybayes"
2020-09-21,126,"tidybayes"
2020-09-22,116,"tidybayes"
2020-09-23,124,"tidybayes"
2020-09-24,114,"tidybayes"
2020-09-25,119,"tidybayes"
2020-09-26,62,"tidybayes"
2020-09-27,61,"tidybayes"
2020-09-28,113,"tidybayes"
2020-09-29,122,"tidybayes"
2020-09-30,116,"tidybayes"
2020-10-01,94,"tidybayes"
2020-10-02,100,"tidybayes"
2020-10-03,68,"tidybayes"
2020-10-04,96,"tidybayes"
2020-10-05,157,"tidybayes"
2020-10-06,145,"tidybayes"
2020-10-07,146,"tidybayes"
2020-10-08,149,"tidybayes"
2020-10-09,135,"tidybayes"
2020-10-10,76,"tidybayes"
2020-10-11,65,"tidybayes"
2020-10-12,145,"tidybayes"
2020-10-13,147,"tidybayes"
2020-10-14,142,"tidybayes"
2020-10-15,134,"tidybayes"
2020-10-16,111,"tidybayes"
2020-10-17,58,"tidybayes"
2020-10-18,73,"tidybayes"
2020-10-19,129,"tidybayes"
2020-10-20,118,"tidybayes"
2020-10-21,155,"tidybayes"
2020-10-22,147,"tidybayes"
2020-10-23,124,"tidybayes"
2020-10-24,84,"tidybayes"
2020-10-25,81,"tidybayes"
2020-10-26,129,"tidybayes"
2020-10-27,130,"tidybayes"
2020-10-28,130,"tidybayes"
2020-10-29,122,"tidybayes"
2020-10-30,105,"tidybayes"
2020-10-31,59,"tidybayes"
2020-11-01,95,"tidybayes"
2020-11-02,299,"tidybayes"
2020-11-03,249,"tidybayes"
2020-11-04,166,"tidybayes"
2020-11-05,195,"tidybayes"
2020-11-06,136,"tidybayes"
2020-11-07,93,"tidybayes"
2020-11-08,110,"tidybayes"
2020-11-09,164,"tidybayes"
2020-11-10,161,"tidybayes"
2020-11-11,186,"tidybayes"
2020-11-12,157,"tidybayes"
2020-11-13,141,"tidybayes"
2020-11-14,84,"tidybayes"
2020-11-15,76,"tidybayes"
2020-11-16,155,"tidybayes"
2020-11-17,137,"tidybayes"
2020-11-18,234,"tidybayes"
2020-11-19,165,"tidybayes"
2020-11-20,141,"tidybayes"
2020-11-21,96,"tidybayes"
2020-11-22,89,"tidybayes"
2020-11-23,131,"tidybayes"
2020-11-24,155,"tidybayes"
2020-11-25,111,"tidybayes"
2020-11-26,90,"tidybayes"
2020-11-27,87,"tidybayes"
2020-11-28,65,"tidybayes"
2020-11-29,70,"tidybayes"
2020-11-30,137,"tidybayes"
2020-12-01,141,"tidybayes"
2020-12-02,176,"tidybayes"
2020-12-03,134,"tidybayes"
2020-12-04,143,"tidybayes"
2020-12-05,82,"tidybayes"
2020-12-06,91,"tidybayes"
2020-12-07,151,"tidybayes"
2020-12-08,151,"tidybayes"
2020-12-09,202,"tidybayes"
2020-12-10,125,"tidybayes"
2020-12-11,164,"tidybayes"
2020-12-12,60,"tidybayes"
2020-12-13,68,"tidybayes"
2020-12-14,138,"tidybayes"
2020-12-15,156,"tidybayes"
2020-12-16,185,"tidybayes"
2020-12-17,165,"tidybayes"
2020-12-18,122,"tidybayes"
2020-12-19,46,"tidybayes"
2020-12-20,61,"tidybayes"
2020-12-21,114,"tidybayes"
2020-12-22,111,"tidybayes"
2020-12-23,128,"tidybayes"
2020-12-24,78,"tidybayes"
2020-12-25,26,"tidybayes"
2020-12-26,51,"tidybayes"
2020-12-27,66,"tidybayes"
2020-12-28,95,"tidybayes"
2020-12-29,132,"tidybayes"
2020-12-30,91,"tidybayes"
2020-12-31,58,"tidybayes"
2021-01-01,54,"tidybayes"
2021-01-02,48,"tidybayes"
2021-01-03,77,"tidybayes"
2021-01-04,110,"tidybayes"
2021-01-05,126,"tidybayes"
2021-01-06,204,"tidybayes"
2021-01-07,128,"tidybayes"
2021-01-08,97,"tidybayes"
2021-01-09,71,"tidybayes"
2021-01-10,47,"tidybayes"
2021-01-11,98,"tidybayes"
2021-01-12,145,"tidybayes"
2021-01-13,168,"tidybayes"
2021-01-14,122,"tidybayes"
2021-01-15,125,"tidybayes"
2021-01-16,63,"tidybayes"
2021-01-17,59,"tidybayes"
2021-01-18,100,"tidybayes"
2021-01-19,138,"tidybayes"
2021-01-20,117,"tidybayes"
2021-01-21,136,"tidybayes"
2021-01-22,121,"tidybayes"
2021-01-23,65,"tidybayes"
2021-01-24,97,"tidybayes"
2021-01-25,117,"tidybayes"
2021-01-26,129,"tidybayes"
2021-01-27,154,"tidybayes"
2021-01-28,152,"tidybayes"
2021-01-29,133,"tidybayes"
2021-01-30,88,"tidybayes"
2021-01-31,49,"tidybayes"
2021-02-01,159,"tidybayes"
2021-02-02,132,"tidybayes"
2021-02-03,134,"tidybayes"
2021-02-04,154,"tidybayes"
2021-02-05,134,"tidybayes"
2021-02-06,73,"tidybayes"
2021-02-07,81,"tidybayes"
2021-02-08,132,"tidybayes"
2021-02-09,143,"tidybayes"
2021-02-10,170,"tidybayes"
2021-02-11,161,"tidybayes"
2021-02-12,154,"tidybayes"
2021-02-13,65,"tidybayes"
2021-02-14,51,"tidybayes"
2021-02-15,142,"tidybayes"
2021-02-16,138,"tidybayes"
2021-02-17,195,"tidybayes"
2021-02-18,114,"tidybayes"
2021-02-19,129,"tidybayes"
2021-02-20,57,"tidybayes"
2021-02-21,94,"tidybayes"
2021-02-22,178,"tidybayes"
2021-02-23,114,"tidybayes"
2021-02-24,212,"tidybayes"
2021-02-25,192,"tidybayes"
2021-02-26,185,"tidybayes"
2021-02-27,63,"tidybayes"
2021-02-28,67,"tidybayes"
2021-03-01,161,"tidybayes"
2021-03-02,196,"tidybayes"
2021-03-03,239,"tidybayes"
2021-03-04,151,"tidybayes"
2021-03-05,117,"tidybayes"
2021-03-06,65,"tidybayes"
2021-03-07,58,"tidybayes"
2021-03-08,113,"tidybayes"
2021-03-09,150,"tidybayes"
2021-03-10,150,"tidybayes"
2021-03-11,150,"tidybayes"
2021-03-12,103,"tidybayes"
2021-03-13,83,"tidybayes"
2021-03-14,78,"tidybayes"
2021-03-15,104,"tidybayes"
2021-03-16,179,"tidybayes"
2021-03-17,167,"tidybayes"
2021-03-18,143,"tidybayes"
2021-03-19,116,"tidybayes"
2021-03-20,57,"tidybayes"
2021-03-21,112,"tidybayes"
2021-03-22,242,"tidybayes"
2021-03-23,140,"tidybayes"
2021-03-24,183,"tidybayes"
2021-03-25,155,"tidybayes"
2021-03-26,184,"tidybayes"
2021-03-27,47,"tidybayes"
2021-03-28,83,"tidybayes"
2021-03-29,178,"tidybayes"
2021-03-30,215,"tidybayes"
2021-03-31,157,"tidybayes"
2021-04-01,144,"tidybayes"
2021-04-02,143,"tidybayes"
2021-04-03,75,"tidybayes"
2021-04-04,95,"tidybayes"
2021-04-05,174,"tidybayes"
2021-04-06,166,"tidybayes"
2021-04-07,183,"tidybayes"
2021-04-08,151,"tidybayes"
2021-04-09,146,"tidybayes"
2021-04-10,66,"tidybayes"
2021-04-11,87,"tidybayes"
2021-04-12,164,"tidybayes"
2021-04-13,150,"tidybayes"
2021-04-14,182,"tidybayes"
2021-04-15,144,"tidybayes"
2021-04-16,141,"tidybayes"
2021-04-17,77,"tidybayes"
2021-04-18,86,"tidybayes"
2021-04-19,138,"tidybayes"
2021-04-20,159,"tidybayes"
2021-04-21,137,"tidybayes"
2021-04-22,140,"tidybayes"
2021-04-23,117,"tidybayes"
2021-04-24,67,"tidybayes"
2021-04-25,62,"tidybayes"
2021-04-26,157,"tidybayes"
2021-04-27,126,"tidybayes"
2021-04-28,170,"tidybayes"
2021-04-29,108,"tidybayes"
2021-04-30,135,"tidybayes"
2021-05-01,76,"tidybayes"
2021-05-02,44,"tidybayes"
2021-05-03,155,"tidybayes"
2021-05-04,155,"tidybayes"
2021-05-05,160,"tidybayes"
2021-05-06,180,"tidybayes"
2021-05-07,140,"tidybayes"
2021-05-08,70,"tidybayes"
2021-05-09,49,"tidybayes"
2021-05-10,158,"tidybayes"
2021-05-11,164,"tidybayes"
2021-05-12,200,"tidybayes"
2021-05-13,109,"tidybayes"
2021-05-14,132,"tidybayes"
2021-05-15,54,"tidybayes"
2021-05-16,63,"tidybayes"
2021-05-17,126,"tidybayes"
2021-05-18,191,"tidybayes"
2021-05-19,228,"tidybayes"
2021-05-20,261,"tidybayes"
2021-05-21,176,"tidybayes"
2021-05-22,78,"tidybayes"
2021-05-23,69,"tidybayes"
2021-05-24,177,"tidybayes"
2021-05-25,208,"tidybayes"
2021-05-26,211,"tidybayes"
2021-05-27,189,"tidybayes"
2021-05-28,151,"tidybayes"
2021-05-29,57,"tidybayes"
2021-05-30,62,"tidybayes"
2021-05-31,103,"tidybayes"
2021-06-01,128,"tidybayes"
2021-06-02,164,"tidybayes"
2021-06-03,153,"tidybayes"
2021-06-04,122,"tidybayes"
2021-06-05,52,"tidybayes"
2021-06-06,74,"tidybayes"
2021-06-07,150,"tidybayes"
2021-06-08,172,"tidybayes"
2021-06-09,186,"tidybayes"
2021-06-10,164,"tidybayes"
2021-06-11,113,"tidybayes"
2021-06-12,53,"tidybayes"
2021-06-13,51,"tidybayes"
2021-06-14,133,"tidybayes"
2021-06-15,159,"tidybayes"
2021-06-16,179,"tidybayes"
2021-06-17,123,"tidybayes"
2021-06-18,85,"tidybayes"
2021-06-19,46,"tidybayes"
2021-06-20,60,"tidybayes"
2021-06-21,130,"tidybayes"
2021-06-22,147,"tidybayes"
2021-06-23,138,"tidybayes"
2021-06-24,127,"tidybayes"
2021-06-25,112,"tidybayes"
2021-06-26,65,"tidybayes"
2021-06-27,57,"tidybayes"
2021-06-28,153,"tidybayes"
2021-06-29,112,"tidybayes"
2021-06-30,194,"tidybayes"
2021-07-01,149,"tidybayes"
2021-07-02,148,"tidybayes"
2021-07-03,54,"tidybayes"
2021-07-04,99,"tidybayes"
2021-07-05,248,"tidybayes"
2021-07-06,129,"tidybayes"
2021-07-07,159,"tidybayes"
2021-07-08,122,"tidybayes"
2021-07-09,118,"tidybayes"
2021-07-10,40,"tidybayes"
2021-07-11,39,"tidybayes"
2021-07-12,113,"tidybayes"
2021-07-13,113,"tidybayes"
2021-07-14,153,"tidybayes"
2021-07-15,119,"tidybayes"
2021-07-16,127,"tidybayes"
2021-07-17,44,"tidybayes"
2021-07-18,45,"tidybayes"
2021-07-19,185,"tidybayes"
2021-07-20,186,"tidybayes"
2021-07-21,151,"tidybayes"
2021-07-22,109,"tidybayes"
2021-07-23,162,"tidybayes"
2021-07-24,54,"tidybayes"
2021-07-25,31,"tidybayes"
2021-07-26,211,"tidybayes"
2021-07-27,374,"tidybayes"
2021-07-28,344,"tidybayes"
2021-07-29,210,"tidybayes"
2021-07-30,183,"tidybayes"
2021-07-31,81,"tidybayes"
2021-08-01,103,"tidybayes"
2021-08-02,175,"tidybayes"
2021-08-03,146,"tidybayes"
2021-08-04,251,"tidybayes"
2021-08-05,193,"tidybayes"
2021-08-06,128,"tidybayes"
2021-08-07,69,"tidybayes"
2021-08-08,64,"tidybayes"
2021-08-09,186,"tidybayes"
2021-08-10,137,"tidybayes"
2021-08-11,179,"tidybayes"
2021-08-12,129,"tidybayes"
2021-08-13,134,"tidybayes"
2021-08-14,62,"tidybayes"
2021-08-15,78,"tidybayes"
2021-08-16,130,"tidybayes"
2021-08-17,138,"tidybayes"
2021-08-18,135,"tidybayes"
2021-08-19,132,"tidybayes"
2021-08-20,101,"tidybayes"
2021-08-21,49,"tidybayes"
2021-08-22,168,"tidybayes"
2021-08-23,282,"tidybayes"
2021-08-24,197,"tidybayes"
2021-08-25,244,"tidybayes"
2021-08-26,245,"tidybayes"
2021-08-27,143,"tidybayes"
2021-08-28,94,"tidybayes"
2021-08-29,61,"tidybayes"
2021-08-30,112,"tidybayes"
2021-08-31,223,"tidybayes"
2021-09-01,185,"tidybayes"
2021-09-02,134,"tidybayes"
2021-09-03,179,"tidybayes"
2021-09-04,39,"tidybayes"
2021-09-05,69,"tidybayes"
2021-09-06,125,"tidybayes"
2021-09-07,177,"tidybayes"
2021-09-08,141,"tidybayes"
2021-09-09,122,"tidybayes"
2021-09-10,144,"tidybayes"
2021-09-11,76,"tidybayes"
2021-09-12,66,"tidybayes"
2021-09-13,159,"tidybayes"
2021-09-14,175,"tidybayes"
2021-09-15,188,"tidybayes"
2021-09-16,127,"tidybayes"
2021-09-17,101,"tidybayes"
2021-09-18,65,"tidybayes"
2021-09-19,55,"tidybayes"
2021-09-20,167,"tidybayes"
2021-09-21,113,"tidybayes"
2021-09-22,159,"tidybayes"
2021-09-23,139,"tidybayes"
2021-09-24,105,"tidybayes"
2021-09-25,52,"tidybayes"
2021-09-26,63,"tidybayes"
2021-09-27,127,"tidybayes"
2021-09-28,168,"tidybayes"
2021-09-29,157,"tidybayes"
2021-09-30,171,"tidybayes"
2021-10-01,136,"tidybayes"
2021-10-02,60,"tidybayes"
2021-10-03,75,"tidybayes"
2021-10-04,143,"tidybayes"
2021-10-05,149,"tidybayes"
2021-10-06,137,"tidybayes"
2021-10-07,115,"tidybayes"
2021-10-08,109,"tidybayes"
2021-10-09,71,"tidybayes"
2021-10-10,54,"tidybayes"
2021-10-11,118,"tidybayes"
2021-10-12,122,"tidybayes"
2021-10-13,144,"tidybayes"
2021-10-14,113,"tidybayes"
2021-10-15,107,"tidybayes"
2021-10-16,55,"tidybayes"
2021-10-17,64,"tidybayes"
2021-10-18,169,"tidybayes"
2021-10-19,161,"tidybayes"
2021-10-20,296,"tidybayes"
2021-10-21,443,"tidybayes"
2021-10-22,403,"tidybayes"
2021-10-23,359,"tidybayes"
2021-10-24,364,"tidybayes"
2021-10-25,478,"tidybayes"
2021-10-26,464,"tidybayes"
2021-10-27,491,"tidybayes"
2021-10-28,457,"tidybayes"
2021-10-29,412,"tidybayes"
2021-10-30,339,"tidybayes"
2021-10-31,359,"tidybayes"
2021-11-01,444,"tidybayes"
2021-11-02,447,"tidybayes"
2021-11-03,419,"tidybayes"
2021-11-04,443,"tidybayes"
2021-11-05,423,"tidybayes"
2021-11-06,391,"tidybayes"
2021-11-07,398,"tidybayes"
2021-11-08,463,"tidybayes"
2021-11-09,466,"tidybayes"
2021-11-10,461,"tidybayes"
2021-11-11,431,"tidybayes"
2021-11-12,437,"tidybayes"
2021-11-13,384,"tidybayes"
2021-11-14,377,"tidybayes"
2021-11-15,487,"tidybayes"
2021-11-16,447,"tidybayes"
2021-11-17,437,"tidybayes"
2021-11-18,426,"tidybayes"
2021-11-19,295,"tidybayes"
2021-11-20,47,"tidybayes"
2021-11-21,112,"tidybayes"
2021-11-22,158,"tidybayes"
2021-11-23,142,"tidybayes"
2021-11-24,149,"tidybayes"
2021-11-25,117,"tidybayes"
2021-11-26,88,"tidybayes"
2021-11-27,61,"tidybayes"
2021-11-28,43,"tidybayes"
2021-11-29,130,"tidybayes"
2021-11-30,190,"tidybayes"
2021-12-01,177,"tidybayes"
2021-12-02,168,"tidybayes"
2021-12-03,135,"tidybayes"
2021-12-04,56,"tidybayes"
2021-12-05,55,"tidybayes"
2021-12-06,137,"tidybayes"
2021-12-07,166,"tidybayes"
2021-12-08,171,"tidybayes"
2021-12-09,228,"tidybayes"
2021-12-10,115,"tidybayes"
2021-12-11,92,"tidybayes"
2021-12-12,46,"tidybayes"
2021-12-13,113,"tidybayes"
2021-12-14,165,"tidybayes"
2021-12-15,133,"tidybayes"
2021-12-16,140,"tidybayes"
2021-12-17,121,"tidybayes"
2021-12-18,48,"tidybayes"
2021-12-19,65,"tidybayes"
2021-12-20,89,"tidybayes"
2021-12-21,122,"tidybayes"
2021-12-22,99,"tidybayes"
2021-12-23,75,"tidybayes"
2021-12-24,43,"tidybayes"
2021-12-25,22,"tidybayes"
2021-12-26,53,"tidybayes"
2021-12-27,54,"tidybayes"
2021-12-28,63,"tidybayes"
2021-12-29,73,"tidybayes"
2021-12-30,68,"tidybayes"
2021-12-31,43,"tidybayes"
2022-01-01,30,"tidybayes"
2022-01-02,54,"tidybayes"
2022-01-03,81,"tidybayes"
2022-01-04,103,"tidybayes"
2022-01-05,388,"tidybayes"
2022-01-06,314,"tidybayes"
2022-01-07,188,"tidybayes"
2022-01-08,92,"tidybayes"
2022-01-09,113,"tidybayes"
2022-01-10,228,"tidybayes"
2022-01-11,223,"tidybayes"
2022-01-12,193,"tidybayes"
2022-01-13,226,"tidybayes"
2022-01-14,131,"tidybayes"
2022-01-15,95,"tidybayes"
2022-01-16,82,"tidybayes"
2022-01-17,164,"tidybayes"
2022-01-18,176,"tidybayes"
2022-01-19,175,"tidybayes"
2022-01-20,185,"tidybayes"
2022-01-21,137,"tidybayes"
2022-01-22,75,"tidybayes"
2022-01-23,78,"tidybayes"
2022-01-24,223,"tidybayes"
2022-01-25,129,"tidybayes"
2022-01-26,128,"tidybayes"
2022-01-27,170,"tidybayes"
2022-01-28,133,"tidybayes"
2022-01-29,66,"tidybayes"
2022-01-30,67,"tidybayes"
2022-01-31,161,"tidybayes"
2022-02-01,184,"tidybayes"
2022-02-02,151,"tidybayes"
2022-02-03,157,"tidybayes"
2022-02-04,104,"tidybayes"
2022-02-05,57,"tidybayes"
2022-02-06,76,"tidybayes"
2022-02-07,194,"tidybayes"
2022-02-08,255,"tidybayes"
2022-02-09,193,"tidybayes"
2022-02-10,154,"tidybayes"
2022-02-11,119,"tidybayes"
2022-02-12,79,"tidybayes"
2022-02-13,57,"tidybayes"
2022-02-14,136,"tidybayes"
2022-02-15,202,"tidybayes"
2022-02-16,207,"tidybayes"
2022-02-17,159,"tidybayes"
2022-02-18,136,"tidybayes"
2022-02-19,79,"tidybayes"
2018-06-30,0,"ggdist"
2018-07-01,0,"ggdist"
2018-07-02,0,"ggdist"
2018-07-03,0,"ggdist"
2018-07-04,0,"ggdist"
2018-07-05,0,"ggdist"
2018-07-06,0,"ggdist"
2018-07-07,0,"ggdist"
2018-07-08,0,"ggdist"
2018-07-09,0,"ggdist"
2018-07-10,0,"ggdist"
2018-07-11,0,"ggdist"
2018-07-12,0,"ggdist"
2018-07-13,0,"ggdist"
2018-07-14,0,"ggdist"
2018-07-15,0,"ggdist"
2018-07-16,0,"ggdist"
2018-07-17,0,"ggdist"
2018-07-18,0,"ggdist"
2018-07-19,0,"ggdist"
2018-07-20,0,"ggdist"
2018-07-21,0,"ggdist"
2018-07-22,0,"ggdist"
2018-07-23,0,"ggdist"
2018-07-24,0,"ggdist"
2018-07-25,0,"ggdist"
2018-07-26,0,"ggdist"
2018-07-27,0,"ggdist"
2018-07-28,0,"ggdist"
2018-07-29,0,"ggdist"
2018-07-30,0,"ggdist"
2018-07-31,0,"ggdist"
2018-08-01,0,"ggdist"
2018-08-02,0,"ggdist"
2018-08-03,0,"ggdist"
2018-08-04,0,"ggdist"
2018-08-05,0,"ggdist"
2018-08-06,0,"ggdist"
2018-08-07,0,"ggdist"
2018-08-08,0,"ggdist"
2018-08-09,0,"ggdist"
2018-08-10,0,"ggdist"
2018-08-11,0,"ggdist"
2018-08-12,0,"ggdist"
2018-08-13,0,"ggdist"
2018-08-14,0,"ggdist"
2018-08-15,0,"ggdist"
2018-08-16,0,"ggdist"
2018-08-17,0,"ggdist"
2018-08-18,0,"ggdist"
2018-08-19,0,"ggdist"
2018-08-20,0,"ggdist"
2018-08-21,0,"ggdist"
2018-08-22,0,"ggdist"
2018-08-23,0,"ggdist"
2018-08-24,0,"ggdist"
2018-08-25,0,"ggdist"
2018-08-26,0,"ggdist"
2018-08-27,0,"ggdist"
2018-08-28,0,"ggdist"
2018-08-29,0,"ggdist"
2018-08-30,0,"ggdist"
2018-08-31,0,"ggdist"
2018-09-01,0,"ggdist"
2018-09-02,0,"ggdist"
2018-09-03,0,"ggdist"
2018-09-04,0,"ggdist"
2018-09-05,0,"ggdist"
2018-09-06,0,"ggdist"
2018-09-07,0,"ggdist"
2018-09-08,0,"ggdist"
2018-09-09,0,"ggdist"
2018-09-10,0,"ggdist"
2018-09-11,0,"ggdist"
2018-09-12,0,"ggdist"
2018-09-13,0,"ggdist"
2018-09-14,0,"ggdist"
2018-09-15,0,"ggdist"
2018-09-16,0,"ggdist"
2018-09-17,0,"ggdist"
2018-09-18,0,"ggdist"
2018-09-19,0,"ggdist"
2018-09-20,0,"ggdist"
2018-09-21,0,"ggdist"
2018-09-22,0,"ggdist"
2018-09-23,0,"ggdist"
2018-09-24,0,"ggdist"
2018-09-25,0,"ggdist"
2018-09-26,0,"ggdist"
2018-09-27,0,"ggdist"
2018-09-28,0,"ggdist"
2018-09-29,0,"ggdist"
2018-09-30,0,"ggdist"
2018-10-01,0,"ggdist"
2018-10-02,0,"ggdist"
2018-10-03,0,"ggdist"
2018-10-04,0,"ggdist"
2018-10-05,0,"ggdist"
2018-10-06,0,"ggdist"
2018-10-07,0,"ggdist"
2018-10-08,0,"ggdist"
2018-10-09,0,"ggdist"
2018-10-10,0,"ggdist"
2018-10-11,0,"ggdist"
2018-10-12,0,"ggdist"
2018-10-13,0,"ggdist"
2018-10-14,0,"ggdist"
2018-10-15,0,"ggdist"
2018-10-16,0,"ggdist"
2018-10-17,0,"ggdist"
2018-10-18,0,"ggdist"
2018-10-19,0,"ggdist"
2018-10-20,0,"ggdist"
2018-10-21,0,"ggdist"
2018-10-22,0,"ggdist"
2018-10-23,0,"ggdist"
2018-10-24,0,"ggdist"
2018-10-25,0,"ggdist"
2018-10-26,0,"ggdist"
2018-10-27,0,"ggdist"
2018-10-28,0,"ggdist"
2018-10-29,0,"ggdist"
2018-10-30,0,"ggdist"
2018-10-31,0,"ggdist"
2018-11-01,0,"ggdist"
2018-11-02,0,"ggdist"
2018-11-03,0,"ggdist"
2018-11-04,0,"ggdist"
2018-11-05,0,"ggdist"
2018-11-06,0,"ggdist"
2018-11-07,0,"ggdist"
2018-11-08,0,"ggdist"
2018-11-09,0,"ggdist"
2018-11-10,0,"ggdist"
2018-11-11,0,"ggdist"
2018-11-12,0,"ggdist"
2018-11-13,0,"ggdist"
2018-11-14,0,"ggdist"
2018-11-15,0,"ggdist"
2018-11-16,0,"ggdist"
2018-11-17,0,"ggdist"
2018-11-18,0,"ggdist"
2018-11-19,0,"ggdist"
2018-11-20,0,"ggdist"
2018-11-21,0,"ggdist"
2018-11-22,0,"ggdist"
2018-11-23,0,"ggdist"
2018-11-24,0,"ggdist"
2018-11-25,0,"ggdist"
2018-11-26,0,"ggdist"
2018-11-27,0,"ggdist"
2018-11-28,0,"ggdist"
2018-11-29,0,"ggdist"
2018-11-30,0,"ggdist"
2018-12-01,0,"ggdist"
2018-12-02,0,"ggdist"
2018-12-03,0,"ggdist"
2018-12-04,0,"ggdist"
2018-12-05,0,"ggdist"
2018-12-06,0,"ggdist"
2018-12-07,0,"ggdist"
2018-12-08,0,"ggdist"
2018-12-09,0,"ggdist"
2018-12-10,0,"ggdist"
2018-12-11,0,"ggdist"
2018-12-12,0,"ggdist"
2018-12-13,0,"ggdist"
2018-12-14,0,"ggdist"
2018-12-15,0,"ggdist"
2018-12-16,0,"ggdist"
2018-12-17,0,"ggdist"
2018-12-18,0,"ggdist"
2018-12-19,0,"ggdist"
2018-12-20,0,"ggdist"
2018-12-21,0,"ggdist"
2018-12-22,0,"ggdist"
2018-12-23,0,"ggdist"
2018-12-24,0,"ggdist"
2018-12-25,0,"ggdist"
2018-12-26,0,"ggdist"
2018-12-27,0,"ggdist"
2018-12-28,0,"ggdist"
2018-12-29,0,"ggdist"
2018-12-30,0,"ggdist"
2018-12-31,0,"ggdist"
2019-01-01,0,"ggdist"
2019-01-02,0,"ggdist"
2019-01-03,0,"ggdist"
2019-01-04,0,"ggdist"
2019-01-05,0,"ggdist"
2019-01-06,0,"ggdist"
2019-01-07,0,"ggdist"
2019-01-08,0,"ggdist"
2019-01-09,0,"ggdist"
2019-01-10,0,"ggdist"
2019-01-11,0,"ggdist"
2019-01-12,0,"ggdist"
2019-01-13,0,"ggdist"
2019-01-14,0,"ggdist"
2019-01-15,0,"ggdist"
2019-01-16,0,"ggdist"
2019-01-17,0,"ggdist"
2019-01-18,0,"ggdist"
2019-01-19,0,"ggdist"
2019-01-20,0,"ggdist"
2019-01-21,0,"ggdist"
2019-01-22,0,"ggdist"
2019-01-23,0,"ggdist"
2019-01-24,0,"ggdist"
2019-01-25,0,"ggdist"
2019-01-26,0,"ggdist"
2019-01-27,0,"ggdist"
2019-01-28,0,"ggdist"
2019-01-29,0,"ggdist"
2019-01-30,0,"ggdist"
2019-01-31,0,"ggdist"
2019-02-01,0,"ggdist"
2019-02-02,0,"ggdist"
2019-02-03,0,"ggdist"
2019-02-04,0,"ggdist"
2019-02-05,0,"ggdist"
2019-02-06,0,"ggdist"
2019-02-07,0,"ggdist"
2019-02-08,0,"ggdist"
2019-02-09,0,"ggdist"
2019-02-10,0,"ggdist"
2019-02-11,0,"ggdist"
2019-02-12,0,"ggdist"
2019-02-13,0,"ggdist"
2019-02-14,0,"ggdist"
2019-02-15,0,"ggdist"
2019-02-16,0,"ggdist"
2019-02-17,0,"ggdist"
2019-02-18,0,"ggdist"
2019-02-19,0,"ggdist"
2019-02-20,0,"ggdist"
2019-02-21,0,"ggdist"
2019-02-22,0,"ggdist"
2019-02-23,0,"ggdist"
2019-02-24,0,"ggdist"
2019-02-25,0,"ggdist"
2019-02-26,0,"ggdist"
2019-02-27,0,"ggdist"
2019-02-28,0,"ggdist"
2019-03-01,0,"ggdist"
2019-03-02,0,"ggdist"
2019-03-03,0,"ggdist"
2019-03-04,0,"ggdist"
2019-03-05,0,"ggdist"
2019-03-06,0,"ggdist"
2019-03-07,0,"ggdist"
2019-03-08,0,"ggdist"
2019-03-09,0,"ggdist"
2019-03-10,0,"ggdist"
2019-03-11,0,"ggdist"
2019-03-12,0,"ggdist"
2019-03-13,0,"ggdist"
2019-03-14,0,"ggdist"
2019-03-15,0,"ggdist"
2019-03-16,0,"ggdist"
2019-03-17,0,"ggdist"
2019-03-18,0,"ggdist"
2019-03-19,0,"ggdist"
2019-03-20,0,"ggdist"
2019-03-21,0,"ggdist"
2019-03-22,0,"ggdist"
2019-03-23,0,"ggdist"
2019-03-24,0,"ggdist"
2019-03-25,0,"ggdist"
2019-03-26,0,"ggdist"
2019-03-27,0,"ggdist"
2019-03-28,0,"ggdist"
2019-03-29,0,"ggdist"
2019-03-30,0,"ggdist"
2019-03-31,0,"ggdist"
2019-04-01,0,"ggdist"
2019-04-02,0,"ggdist"
2019-04-03,0,"ggdist"
2019-04-04,0,"ggdist"
2019-04-05,0,"ggdist"
2019-04-06,0,"ggdist"
2019-04-07,0,"ggdist"
2019-04-08,0,"ggdist"
2019-04-09,0,"ggdist"
2019-04-10,0,"ggdist"
2019-04-11,0,"ggdist"
2019-04-12,0,"ggdist"
2019-04-13,0,"ggdist"
2019-04-14,0,"ggdist"
2019-04-15,0,"ggdist"
2019-04-16,0,"ggdist"
2019-04-17,0,"ggdist"
2019-04-18,0,"ggdist"
2019-04-19,0,"ggdist"
2019-04-20,0,"ggdist"
2019-04-21,0,"ggdist"
2019-04-22,0,"ggdist"
2019-04-23,0,"ggdist"
2019-04-24,0,"ggdist"
2019-04-25,0,"ggdist"
2019-04-26,0,"ggdist"
2019-04-27,0,"ggdist"
2019-04-28,0,"ggdist"
2019-04-29,0,"ggdist"
2019-04-30,0,"ggdist"
2019-05-01,0,"ggdist"
2019-05-02,0,"ggdist"
2019-05-03,0,"ggdist"
2019-05-04,0,"ggdist"
2019-05-05,0,"ggdist"
2019-05-06,0,"ggdist"
2019-05-07,0,"ggdist"
2019-05-08,0,"ggdist"
2019-05-09,0,"ggdist"
2019-05-10,0,"ggdist"
2019-05-11,0,"ggdist"
2019-05-12,0,"ggdist"
2019-05-13,0,"ggdist"
2019-05-14,0,"ggdist"
2019-05-15,0,"ggdist"
2019-05-16,0,"ggdist"
2019-05-17,0,"ggdist"
2019-05-18,0,"ggdist"
2019-05-19,0,"ggdist"
2019-05-20,0,"ggdist"
2019-05-21,0,"ggdist"
2019-05-22,0,"ggdist"
2019-05-23,0,"ggdist"
2019-05-24,0,"ggdist"
2019-05-25,0,"ggdist"
2019-05-26,0,"ggdist"
2019-05-27,0,"ggdist"
2019-05-28,0,"ggdist"
2019-05-29,0,"ggdist"
2019-05-30,0,"ggdist"
2019-05-31,0,"ggdist"
2019-06-01,0,"ggdist"
2019-06-02,0,"ggdist"
2019-06-03,0,"ggdist"
2019-06-04,0,"ggdist"
2019-06-05,0,"ggdist"
2019-06-06,0,"ggdist"
2019-06-07,0,"ggdist"
2019-06-08,0,"ggdist"
2019-06-09,0,"ggdist"
2019-06-10,0,"ggdist"
2019-06-11,0,"ggdist"
2019-06-12,0,"ggdist"
2019-06-13,0,"ggdist"
2019-06-14,0,"ggdist"
2019-06-15,0,"ggdist"
2019-06-16,0,"ggdist"
2019-06-17,0,"ggdist"
2019-06-18,0,"ggdist"
2019-06-19,0,"ggdist"
2019-06-20,0,"ggdist"
2019-06-21,0,"ggdist"
2019-06-22,0,"ggdist"
2019-06-23,0,"ggdist"
2019-06-24,0,"ggdist"
2019-06-25,0,"ggdist"
2019-06-26,0,"ggdist"
2019-06-27,0,"ggdist"
2019-06-28,0,"ggdist"
2019-06-29,0,"ggdist"
2019-06-30,0,"ggdist"
2019-07-01,0,"ggdist"
2019-07-02,0,"ggdist"
2019-07-03,0,"ggdist"
2019-07-04,0,"ggdist"
2019-07-05,0,"ggdist"
2019-07-06,0,"ggdist"
2019-07-07,0,"ggdist"
2019-07-08,0,"ggdist"
2019-07-09,0,"ggdist"
2019-07-10,0,"ggdist"
2019-07-11,0,"ggdist"
2019-07-12,0,"ggdist"
2019-07-13,0,"ggdist"
2019-07-14,0,"ggdist"
2019-07-15,0,"ggdist"
2019-07-16,0,"ggdist"
2019-07-17,0,"ggdist"
2019-07-18,0,"ggdist"
2019-07-19,0,"ggdist"
2019-07-20,0,"ggdist"
2019-07-21,0,"ggdist"
2019-07-22,0,"ggdist"
2019-07-23,0,"ggdist"
2019-07-24,0,"ggdist"
2019-07-25,0,"ggdist"
2019-07-26,0,"ggdist"
2019-07-27,0,"ggdist"
2019-07-28,0,"ggdist"
2019-07-29,0,"ggdist"
2019-07-30,0,"ggdist"
2019-07-31,0,"ggdist"
2019-08-01,0,"ggdist"
2019-08-02,0,"ggdist"
2019-08-03,0,"ggdist"
2019-08-04,0,"ggdist"
2019-08-05,0,"ggdist"
2019-08-06,0,"ggdist"
2019-08-07,0,"ggdist"
2019-08-08,0,"ggdist"
2019-08-09,0,"ggdist"
2019-08-10,0,"ggdist"
2019-08-11,0,"ggdist"
2019-08-12,0,"ggdist"
2019-08-13,0,"ggdist"
2019-08-14,0,"ggdist"
2019-08-15,0,"ggdist"
2019-08-16,0,"ggdist"
2019-08-17,0,"ggdist"
2019-08-18,0,"ggdist"
2019-08-19,0,"ggdist"
2019-08-20,0,"ggdist"
2019-08-21,0,"ggdist"
2019-08-22,0,"ggdist"
2019-08-23,0,"ggdist"
2019-08-24,0,"ggdist"
2019-08-25,0,"ggdist"
2019-08-26,0,"ggdist"
2019-08-27,0,"ggdist"
2019-08-28,0,"ggdist"
2019-08-29,0,"ggdist"
2019-08-30,0,"ggdist"
2019-08-31,0,"ggdist"
2019-09-01,0,"ggdist"
2019-09-02,0,"ggdist"
2019-09-03,0,"ggdist"
2019-09-04,0,"ggdist"
2019-09-05,0,"ggdist"
2019-09-06,0,"ggdist"
2019-09-07,0,"ggdist"
2019-09-08,0,"ggdist"
2019-09-09,0,"ggdist"
2019-09-10,0,"ggdist"
2019-09-11,0,"ggdist"
2019-09-12,0,"ggdist"
2019-09-13,0,"ggdist"
2019-09-14,0,"ggdist"
2019-09-15,0,"ggdist"
2019-09-16,0,"ggdist"
2019-09-17,0,"ggdist"
2019-09-18,0,"ggdist"
2019-09-19,0,"ggdist"
2019-09-20,0,"ggdist"
2019-09-21,0,"ggdist"
2019-09-22,0,"ggdist"
2019-09-23,0,"ggdist"
2019-09-24,0,"ggdist"
2019-09-25,0,"ggdist"
2019-09-26,0,"ggdist"
2019-09-27,0,"ggdist"
2019-09-28,0,"ggdist"
2019-09-29,0,"ggdist"
2019-09-30,0,"ggdist"
2019-10-01,0,"ggdist"
2019-10-02,0,"ggdist"
2019-10-03,0,"ggdist"
2019-10-04,0,"ggdist"
2019-10-05,0,"ggdist"
2019-10-06,0,"ggdist"
2019-10-07,0,"ggdist"
2019-10-08,0,"ggdist"
2019-10-09,0,"ggdist"
2019-10-10,0,"ggdist"
2019-10-11,0,"ggdist"
2019-10-12,0,"ggdist"
2019-10-13,0,"ggdist"
2019-10-14,0,"ggdist"
2019-10-15,0,"ggdist"
2019-10-16,0,"ggdist"
2019-10-17,0,"ggdist"
2019-10-18,0,"ggdist"
2019-10-19,0,"ggdist"
2019-10-20,0,"ggdist"
2019-10-21,0,"ggdist"
2019-10-22,0,"ggdist"
2019-10-23,0,"ggdist"
2019-10-24,0,"ggdist"
2019-10-25,0,"ggdist"
2019-10-26,0,"ggdist"
2019-10-27,0,"ggdist"
2019-10-28,0,"ggdist"
2019-10-29,0,"ggdist"
2019-10-30,0,"ggdist"
2019-10-31,0,"ggdist"
2019-11-01,0,"ggdist"
2019-11-02,0,"ggdist"
2019-11-03,0,"ggdist"
2019-11-04,0,"ggdist"
2019-11-05,0,"ggdist"
2019-11-06,0,"ggdist"
2019-11-07,0,"ggdist"
2019-11-08,0,"ggdist"
2019-11-09,0,"ggdist"
2019-11-10,0,"ggdist"
2019-11-11,0,"ggdist"
2019-11-12,0,"ggdist"
2019-11-13,0,"ggdist"
2019-11-14,0,"ggdist"
2019-11-15,0,"ggdist"
2019-11-16,0,"ggdist"
2019-11-17,0,"ggdist"
2019-11-18,0,"ggdist"
2019-11-19,0,"ggdist"
2019-11-20,0,"ggdist"
2019-11-21,0,"ggdist"
2019-11-22,0,"ggdist"
2019-11-23,0,"ggdist"
2019-11-24,0,"ggdist"
2019-11-25,0,"ggdist"
2019-11-26,0,"ggdist"
2019-11-27,0,"ggdist"
2019-11-28,0,"ggdist"
2019-11-29,0,"ggdist"
2019-11-30,0,"ggdist"
2019-12-01,0,"ggdist"
2019-12-02,0,"ggdist"
2019-12-03,0,"ggdist"
2019-12-04,0,"ggdist"
2019-12-05,0,"ggdist"
2019-12-06,0,"ggdist"
2019-12-07,0,"ggdist"
2019-12-08,0,"ggdist"
2019-12-09,0,"ggdist"
2019-12-10,0,"ggdist"
2019-12-11,0,"ggdist"
2019-12-12,0,"ggdist"
2019-12-13,0,"ggdist"
2019-12-14,0,"ggdist"
2019-12-15,0,"ggdist"
2019-12-16,0,"ggdist"
2019-12-17,0,"ggdist"
2019-12-18,0,"ggdist"
2019-12-19,0,"ggdist"
2019-12-20,0,"ggdist"
2019-12-21,0,"ggdist"
2019-12-22,0,"ggdist"
2019-12-23,0,"ggdist"
2019-12-24,0,"ggdist"
2019-12-25,0,"ggdist"
2019-12-26,0,"ggdist"
2019-12-27,0,"ggdist"
2019-12-28,0,"ggdist"
2019-12-29,0,"ggdist"
2019-12-30,0,"ggdist"
2019-12-31,0,"ggdist"
2020-01-01,0,"ggdist"
2020-01-02,0,"ggdist"
2020-01-03,0,"ggdist"
2020-01-04,0,"ggdist"
2020-01-05,0,"ggdist"
2020-01-06,0,"ggdist"
2020-01-07,0,"ggdist"
2020-01-08,0,"ggdist"
2020-01-09,0,"ggdist"
2020-01-10,0,"ggdist"
2020-01-11,0,"ggdist"
2020-01-12,0,"ggdist"
2020-01-13,0,"ggdist"
2020-01-14,0,"ggdist"
2020-01-15,0,"ggdist"
2020-01-16,0,"ggdist"
2020-01-17,0,"ggdist"
2020-01-18,0,"ggdist"
2020-01-19,0,"ggdist"
2020-01-20,0,"ggdist"
2020-01-21,0,"ggdist"
2020-01-22,0,"ggdist"
2020-01-23,0,"ggdist"
2020-01-24,0,"ggdist"
2020-01-25,0,"ggdist"
2020-01-26,0,"ggdist"
2020-01-27,0,"ggdist"
2020-01-28,0,"ggdist"
2020-01-29,0,"ggdist"
2020-01-30,0,"ggdist"
2020-01-31,0,"ggdist"
2020-02-01,0,"ggdist"
2020-02-02,0,"ggdist"
2020-02-03,0,"ggdist"
2020-02-04,0,"ggdist"
2020-02-05,0,"ggdist"
2020-02-06,0,"ggdist"
2020-02-07,0,"ggdist"
2020-02-08,0,"ggdist"
2020-02-09,0,"ggdist"
2020-02-10,0,"ggdist"
2020-02-11,0,"ggdist"
2020-02-12,0,"ggdist"
2020-02-13,0,"ggdist"
2020-02-14,0,"ggdist"
2020-02-15,0,"ggdist"
2020-02-16,0,"ggdist"
2020-02-17,0,"ggdist"
2020-02-18,0,"ggdist"
2020-02-19,0,"ggdist"
2020-02-20,0,"ggdist"
2020-02-21,0,"ggdist"
2020-02-22,0,"ggdist"
2020-02-23,0,"ggdist"
2020-02-24,0,"ggdist"
2020-02-25,0,"ggdist"
2020-02-26,0,"ggdist"
2020-02-27,0,"ggdist"
2020-02-28,0,"ggdist"
2020-02-29,0,"ggdist"
2020-03-01,0,"ggdist"
2020-03-02,0,"ggdist"
2020-03-03,0,"ggdist"
2020-03-04,0,"ggdist"
2020-03-05,0,"ggdist"
2020-03-06,0,"ggdist"
2020-03-07,0,"ggdist"
2020-03-08,0,"ggdist"
2020-03-09,0,"ggdist"
2020-03-10,0,"ggdist"
2020-03-11,0,"ggdist"
2020-03-12,0,"ggdist"
2020-03-13,0,"ggdist"
2020-03-14,0,"ggdist"
2020-03-15,0,"ggdist"
2020-03-16,0,"ggdist"
2020-03-17,0,"ggdist"
2020-03-18,0,"ggdist"
2020-03-19,0,"ggdist"
2020-03-20,0,"ggdist"
2020-03-21,0,"ggdist"
2020-03-22,0,"ggdist"
2020-03-23,0,"ggdist"
2020-03-24,0,"ggdist"
2020-03-25,0,"ggdist"
2020-03-26,0,"ggdist"
2020-03-27,0,"ggdist"
2020-03-28,0,"ggdist"
2020-03-29,0,"ggdist"
2020-03-30,0,"ggdist"
2020-03-31,0,"ggdist"
2020-04-01,0,"ggdist"
2020-04-02,0,"ggdist"
2020-04-03,0,"ggdist"
2020-04-04,0,"ggdist"
2020-04-05,0,"ggdist"
2020-04-06,0,"ggdist"
2020-04-07,0,"ggdist"
2020-04-08,0,"ggdist"
2020-04-09,0,"ggdist"
2020-04-10,0,"ggdist"
2020-04-11,0,"ggdist"
2020-04-12,0,"ggdist"
2020-04-13,0,"ggdist"
2020-04-14,0,"ggdist"
2020-04-15,0,"ggdist"
2020-04-16,0,"ggdist"
2020-04-17,0,"ggdist"
2020-04-18,0,"ggdist"
2020-04-19,0,"ggdist"
2020-04-20,0,"ggdist"
2020-04-21,0,"ggdist"
2020-04-22,0,"ggdist"
2020-04-23,0,"ggdist"
2020-04-24,0,"ggdist"
2020-04-25,0,"ggdist"
2020-04-26,0,"ggdist"
2020-04-27,0,"ggdist"
2020-04-28,0,"ggdist"
2020-04-29,0,"ggdist"
2020-04-30,0,"ggdist"
2020-05-01,0,"ggdist"
2020-05-02,0,"ggdist"
2020-05-03,0,"ggdist"
2020-05-04,0,"ggdist"
2020-05-05,0,"ggdist"
2020-05-06,0,"ggdist"
2020-05-07,0,"ggdist"
2020-05-08,0,"ggdist"
2020-05-09,0,"ggdist"
2020-05-10,0,"ggdist"
2020-05-11,0,"ggdist"
2020-05-12,0,"ggdist"
2020-05-13,0,"ggdist"
2020-05-14,0,"ggdist"
2020-05-15,0,"ggdist"
2020-05-16,0,"ggdist"
2020-05-17,0,"ggdist"
2020-05-18,0,"ggdist"
2020-05-19,0,"ggdist"
2020-05-20,0,"ggdist"
2020-05-21,0,"ggdist"
2020-05-22,0,"ggdist"
2020-05-23,0,"ggdist"
2020-05-24,0,"ggdist"
2020-05-25,0,"ggdist"
2020-05-26,0,"ggdist"
2020-05-27,0,"ggdist"
2020-05-28,0,"ggdist"
2020-05-29,0,"ggdist"
2020-05-30,0,"ggdist"
2020-05-31,0,"ggdist"
2020-06-01,0,"ggdist"
2020-06-02,0,"ggdist"
2020-06-03,0,"ggdist"
2020-06-04,0,"ggdist"
2020-06-05,0,"ggdist"
2020-06-06,0,"ggdist"
2020-06-07,0,"ggdist"
2020-06-08,0,"ggdist"
2020-06-09,0,"ggdist"
2020-06-10,0,"ggdist"
2020-06-11,0,"ggdist"
2020-06-12,0,"ggdist"
2020-06-13,0,"ggdist"
2020-06-14,13,"ggdist"
2020-06-15,18,"ggdist"
2020-06-16,23,"ggdist"
2020-06-17,36,"ggdist"
2020-06-18,29,"ggdist"
2020-06-19,263,"ggdist"
2020-06-20,182,"ggdist"
2020-06-21,162,"ggdist"
2020-06-22,222,"ggdist"
2020-06-23,166,"ggdist"
2020-06-24,218,"ggdist"
2020-06-25,347,"ggdist"
2020-06-26,245,"ggdist"
2020-06-27,134,"ggdist"
2020-06-28,109,"ggdist"
2020-06-29,138,"ggdist"
2020-06-30,137,"ggdist"
2020-07-01,136,"ggdist"
2020-07-02,181,"ggdist"
2020-07-03,177,"ggdist"
2020-07-04,85,"ggdist"
2020-07-05,72,"ggdist"
2020-07-06,146,"ggdist"
2020-07-07,144,"ggdist"
2020-07-08,193,"ggdist"
2020-07-09,124,"ggdist"
2020-07-10,166,"ggdist"
2020-07-11,92,"ggdist"
2020-07-12,261,"ggdist"
2020-07-13,324,"ggdist"
2020-07-14,222,"ggdist"
2020-07-15,253,"ggdist"
2020-07-16,240,"ggdist"
2020-07-17,199,"ggdist"
2020-07-18,113,"ggdist"
2020-07-19,124,"ggdist"
2020-07-20,138,"ggdist"
2020-07-21,184,"ggdist"
2020-07-22,195,"ggdist"
2020-07-23,119,"ggdist"
2020-07-24,164,"ggdist"
2020-07-25,98,"ggdist"
2020-07-26,100,"ggdist"
2020-07-27,120,"ggdist"
2020-07-28,150,"ggdist"
2020-07-29,150,"ggdist"
2020-07-30,174,"ggdist"
2020-07-31,133,"ggdist"
2020-08-01,89,"ggdist"
2020-08-02,72,"ggdist"
2020-08-03,205,"ggdist"
2020-08-04,129,"ggdist"
2020-08-05,136,"ggdist"
2020-08-06,149,"ggdist"
2020-08-07,123,"ggdist"
2020-08-08,83,"ggdist"
2020-08-09,67,"ggdist"
2020-08-10,177,"ggdist"
2020-08-11,156,"ggdist"
2020-08-12,150,"ggdist"
2020-08-13,168,"ggdist"
2020-08-14,131,"ggdist"
2020-08-15,73,"ggdist"
2020-08-16,68,"ggdist"
2020-08-17,158,"ggdist"
2020-08-18,154,"ggdist"
2020-08-19,143,"ggdist"
2020-08-20,134,"ggdist"
2020-08-21,127,"ggdist"
2020-08-22,68,"ggdist"
2020-08-23,65,"ggdist"
2020-08-24,163,"ggdist"
2020-08-25,149,"ggdist"
2020-08-26,122,"ggdist"
2020-08-27,149,"ggdist"
2020-08-28,98,"ggdist"
2020-08-29,69,"ggdist"
2020-08-30,76,"ggdist"
2020-08-31,138,"ggdist"
2020-09-01,133,"ggdist"
2020-09-02,152,"ggdist"
2020-09-03,146,"ggdist"
2020-09-04,146,"ggdist"
2020-09-05,67,"ggdist"
2020-09-06,82,"ggdist"
2020-09-07,128,"ggdist"
2020-09-08,142,"ggdist"
2020-09-09,153,"ggdist"
2020-09-10,148,"ggdist"
2020-09-11,157,"ggdist"
2020-09-12,71,"ggdist"
2020-09-13,95,"ggdist"
2020-09-14,175,"ggdist"
2020-09-15,132,"ggdist"
2020-09-16,117,"ggdist"
2020-09-17,139,"ggdist"
2020-09-18,131,"ggdist"
2020-09-19,66,"ggdist"
2020-09-20,92,"ggdist"
2020-09-21,127,"ggdist"
2020-09-22,125,"ggdist"
2020-09-23,121,"ggdist"
2020-09-24,140,"ggdist"
2020-09-25,154,"ggdist"
2020-09-26,69,"ggdist"
2020-09-27,63,"ggdist"
2020-09-28,117,"ggdist"
2020-09-29,140,"ggdist"
2020-09-30,135,"ggdist"
2020-10-01,88,"ggdist"
2020-10-02,109,"ggdist"
2020-10-03,76,"ggdist"
2020-10-04,112,"ggdist"
2020-10-05,167,"ggdist"
2020-10-06,198,"ggdist"
2020-10-07,150,"ggdist"
2020-10-08,163,"ggdist"
2020-10-09,141,"ggdist"
2020-10-10,89,"ggdist"
2020-10-11,75,"ggdist"
2020-10-12,160,"ggdist"
2020-10-13,152,"ggdist"
2020-10-14,126,"ggdist"
2020-10-15,139,"ggdist"
2020-10-16,117,"ggdist"
2020-10-17,81,"ggdist"
2020-10-18,103,"ggdist"
2020-10-19,154,"ggdist"
2020-10-20,132,"ggdist"
2020-10-21,170,"ggdist"
2020-10-22,168,"ggdist"
2020-10-23,122,"ggdist"
2020-10-24,87,"ggdist"
2020-10-25,85,"ggdist"
2020-10-26,134,"ggdist"
2020-10-27,155,"ggdist"
2020-10-28,138,"ggdist"
2020-10-29,139,"ggdist"
2020-10-30,126,"ggdist"
2020-10-31,226,"ggdist"
2020-11-01,209,"ggdist"
2020-11-02,300,"ggdist"
2020-11-03,231,"ggdist"
2020-11-04,154,"ggdist"
2020-11-05,181,"ggdist"
2020-11-06,173,"ggdist"
2020-11-07,109,"ggdist"
2020-11-08,107,"ggdist"
2020-11-09,178,"ggdist"
2020-11-10,166,"ggdist"
2020-11-11,183,"ggdist"
2020-11-12,149,"ggdist"
2020-11-13,168,"ggdist"
2020-11-14,70,"ggdist"
2020-11-15,73,"ggdist"
2020-11-16,168,"ggdist"
2020-11-17,152,"ggdist"
2020-11-18,233,"ggdist"
2020-11-19,208,"ggdist"
2020-11-20,156,"ggdist"
2020-11-21,80,"ggdist"
2020-11-22,104,"ggdist"
2020-11-23,146,"ggdist"
2020-11-24,204,"ggdist"
2020-11-25,117,"ggdist"
2020-11-26,103,"ggdist"
2020-11-27,111,"ggdist"
2020-11-28,76,"ggdist"
2020-11-29,79,"ggdist"
2020-11-30,167,"ggdist"
2020-12-01,188,"ggdist"
2020-12-02,223,"ggdist"
2020-12-03,181,"ggdist"
2020-12-04,202,"ggdist"
2020-12-05,100,"ggdist"
2020-12-06,123,"ggdist"
2020-12-07,206,"ggdist"
2020-12-08,213,"ggdist"
2020-12-09,229,"ggdist"
2020-12-10,196,"ggdist"
2020-12-11,232,"ggdist"
2020-12-12,66,"ggdist"
2020-12-13,84,"ggdist"
2020-12-14,207,"ggdist"
2020-12-15,188,"ggdist"
2020-12-16,228,"ggdist"
2020-12-17,224,"ggdist"
2020-12-18,168,"ggdist"
2020-12-19,47,"ggdist"
2020-12-20,84,"ggdist"
2020-12-21,151,"ggdist"
2020-12-22,137,"ggdist"
2020-12-23,160,"ggdist"
2020-12-24,110,"ggdist"
2020-12-25,26,"ggdist"
2020-12-26,50,"ggdist"
2020-12-27,98,"ggdist"
2020-12-28,123,"ggdist"
2020-12-29,152,"ggdist"
2020-12-30,73,"ggdist"
2020-12-31,66,"ggdist"
2021-01-01,67,"ggdist"
2021-01-02,48,"ggdist"
2021-01-03,61,"ggdist"
2021-01-04,157,"ggdist"
2021-01-05,440,"ggdist"
2021-01-06,368,"ggdist"
2021-01-07,258,"ggdist"
2021-01-08,209,"ggdist"
2021-01-09,107,"ggdist"
2021-01-10,105,"ggdist"
2021-01-11,272,"ggdist"
2021-01-12,241,"ggdist"
2021-01-13,266,"ggdist"
2021-01-14,195,"ggdist"
2021-01-15,188,"ggdist"
2021-01-16,98,"ggdist"
2021-01-17,87,"ggdist"
2021-01-18,172,"ggdist"
2021-01-19,227,"ggdist"
2021-01-20,165,"ggdist"
2021-01-21,227,"ggdist"
2021-01-22,241,"ggdist"
2021-01-23,143,"ggdist"
2021-01-24,188,"ggdist"
2021-01-25,235,"ggdist"
2021-01-26,220,"ggdist"
2021-01-27,181,"ggdist"
2021-01-28,220,"ggdist"
2021-01-29,193,"ggdist"
2021-01-30,131,"ggdist"
2021-01-31,88,"ggdist"
2021-02-01,242,"ggdist"
2021-02-02,194,"ggdist"
2021-02-03,177,"ggdist"
2021-02-04,208,"ggdist"
2021-02-05,167,"ggdist"
2021-02-06,100,"ggdist"
2021-02-07,101,"ggdist"
2021-02-08,191,"ggdist"
2021-02-09,198,"ggdist"
2021-02-10,227,"ggdist"
2021-02-11,193,"ggdist"
2021-02-12,216,"ggdist"
2021-02-13,81,"ggdist"
2021-02-14,61,"ggdist"
2021-02-15,192,"ggdist"
2021-02-16,178,"ggdist"
2021-02-17,256,"ggdist"
2021-02-18,167,"ggdist"
2021-02-19,175,"ggdist"
2021-02-20,62,"ggdist"
2021-02-21,107,"ggdist"
2021-02-22,254,"ggdist"
2021-02-23,211,"ggdist"
2021-02-24,294,"ggdist"
2021-02-25,247,"ggdist"
2021-02-26,223,"ggdist"
2021-02-27,78,"ggdist"
2021-02-28,85,"ggdist"
2021-03-01,252,"ggdist"
2021-03-02,271,"ggdist"
2021-03-03,304,"ggdist"
2021-03-04,177,"ggdist"
2021-03-05,162,"ggdist"
2021-03-06,78,"ggdist"
2021-03-07,66,"ggdist"
2021-03-08,161,"ggdist"
2021-03-09,199,"ggdist"
2021-03-10,158,"ggdist"
2021-03-11,169,"ggdist"
2021-03-12,114,"ggdist"
2021-03-13,87,"ggdist"
2021-03-14,87,"ggdist"
2021-03-15,128,"ggdist"
2021-03-16,197,"ggdist"
2021-03-17,176,"ggdist"
2021-03-18,162,"ggdist"
2021-03-19,140,"ggdist"
2021-03-20,70,"ggdist"
2021-03-21,140,"ggdist"
2021-03-22,327,"ggdist"
2021-03-23,230,"ggdist"
2021-03-24,262,"ggdist"
2021-03-25,333,"ggdist"
2021-03-26,268,"ggdist"
2021-03-27,73,"ggdist"
2021-03-28,92,"ggdist"
2021-03-29,261,"ggdist"
2021-03-30,323,"ggdist"
2021-03-31,214,"ggdist"
2021-04-01,191,"ggdist"
2021-04-02,217,"ggdist"
2021-04-03,84,"ggdist"
2021-04-04,122,"ggdist"
2021-04-05,237,"ggdist"
2021-04-06,268,"ggdist"
2021-04-07,259,"ggdist"
2021-04-08,211,"ggdist"
2021-04-09,212,"ggdist"
2021-04-10,70,"ggdist"
2021-04-11,100,"ggdist"
2021-04-12,223,"ggdist"
2021-04-13,194,"ggdist"
2021-04-14,225,"ggdist"
2021-04-15,228,"ggdist"
2021-04-16,165,"ggdist"
2021-04-17,95,"ggdist"
2021-04-18,96,"ggdist"
2021-04-19,203,"ggdist"
2021-04-20,230,"ggdist"
2021-04-21,165,"ggdist"
2021-04-22,186,"ggdist"
2021-04-23,165,"ggdist"
2021-04-24,76,"ggdist"
2021-04-25,76,"ggdist"
2021-04-26,201,"ggdist"
2021-04-27,186,"ggdist"
2021-04-28,193,"ggdist"
2021-04-29,164,"ggdist"
2021-04-30,164,"ggdist"
2021-05-01,90,"ggdist"
2021-05-02,64,"ggdist"
2021-05-03,198,"ggdist"
2021-05-04,233,"ggdist"
2021-05-05,228,"ggdist"
2021-05-06,277,"ggdist"
2021-05-07,198,"ggdist"
2021-05-08,79,"ggdist"
2021-05-09,115,"ggdist"
2021-05-10,180,"ggdist"
2021-05-11,231,"ggdist"
2021-05-12,295,"ggdist"
2021-05-13,202,"ggdist"
2021-05-14,178,"ggdist"
2021-05-15,77,"ggdist"
2021-05-16,72,"ggdist"
2021-05-17,197,"ggdist"
2021-05-18,260,"ggdist"
2021-05-19,314,"ggdist"
2021-05-20,354,"ggdist"
2021-05-21,285,"ggdist"
2021-05-22,100,"ggdist"
2021-05-23,99,"ggdist"
2021-05-24,250,"ggdist"
2021-05-25,287,"ggdist"
2021-05-26,283,"ggdist"
2021-05-27,207,"ggdist"
2021-05-28,206,"ggdist"
2021-05-29,84,"ggdist"
2021-05-30,81,"ggdist"
2021-05-31,148,"ggdist"
2021-06-01,205,"ggdist"
2021-06-02,275,"ggdist"
2021-06-03,245,"ggdist"
2021-06-04,189,"ggdist"
2021-06-05,72,"ggdist"
2021-06-06,94,"ggdist"
2021-06-07,296,"ggdist"
2021-06-08,303,"ggdist"
2021-06-09,325,"ggdist"
2021-06-10,568,"ggdist"
2021-06-11,456,"ggdist"
2021-06-12,184,"ggdist"
2021-06-13,183,"ggdist"
2021-06-14,379,"ggdist"
2021-06-15,392,"ggdist"
2021-06-16,363,"ggdist"
2021-06-17,251,"ggdist"
2021-06-18,216,"ggdist"
2021-06-19,67,"ggdist"
2021-06-20,129,"ggdist"
2021-06-21,254,"ggdist"
2021-06-22,286,"ggdist"
2021-06-23,264,"ggdist"
2021-06-24,244,"ggdist"
2021-06-25,221,"ggdist"
2021-06-26,132,"ggdist"
2021-06-27,95,"ggdist"
2021-06-28,267,"ggdist"
2021-06-29,225,"ggdist"
2021-06-30,306,"ggdist"
2021-07-01,298,"ggdist"
2021-07-02,249,"ggdist"
2021-07-03,177,"ggdist"
2021-07-04,186,"ggdist"
2021-07-05,344,"ggdist"
2021-07-06,271,"ggdist"
2021-07-07,272,"ggdist"
2021-07-08,297,"ggdist"
2021-07-09,212,"ggdist"
2021-07-10,94,"ggdist"
2021-07-11,131,"ggdist"
2021-07-12,212,"ggdist"
2021-07-13,223,"ggdist"
2021-07-14,322,"ggdist"
2021-07-15,232,"ggdist"
2021-07-16,251,"ggdist"
2021-07-17,84,"ggdist"
2021-07-18,68,"ggdist"
2021-07-19,535,"ggdist"
2021-07-20,550,"ggdist"
2021-07-21,432,"ggdist"
2021-07-22,427,"ggdist"
2021-07-23,416,"ggdist"
2021-07-24,195,"ggdist"
2021-07-25,144,"ggdist"
2021-07-26,400,"ggdist"
2021-07-27,321,"ggdist"
2021-07-28,352,"ggdist"
2021-07-29,312,"ggdist"
2021-07-30,232,"ggdist"
2021-07-31,138,"ggdist"
2021-08-01,129,"ggdist"
2021-08-02,259,"ggdist"
2021-08-03,239,"ggdist"
2021-08-04,378,"ggdist"
2021-08-05,268,"ggdist"
2021-08-06,194,"ggdist"
2021-08-07,98,"ggdist"
2021-08-08,100,"ggdist"
2021-08-09,290,"ggdist"
2021-08-10,209,"ggdist"
2021-08-11,257,"ggdist"
2021-08-12,221,"ggdist"
2021-08-13,202,"ggdist"
2021-08-14,110,"ggdist"
2021-08-15,123,"ggdist"
2021-08-16,254,"ggdist"
2021-08-17,234,"ggdist"
2021-08-18,249,"ggdist"
2021-08-19,221,"ggdist"
2021-08-20,168,"ggdist"
2021-08-21,103,"ggdist"
2021-08-22,102,"ggdist"
2021-08-23,296,"ggdist"
2021-08-24,307,"ggdist"
2021-08-25,409,"ggdist"
2021-08-26,440,"ggdist"
2021-08-27,257,"ggdist"
2021-08-28,149,"ggdist"
2021-08-29,130,"ggdist"
2021-08-30,203,"ggdist"
2021-08-31,334,"ggdist"
2021-09-01,286,"ggdist"
2021-09-02,233,"ggdist"
2021-09-03,240,"ggdist"
2021-09-04,107,"ggdist"
2021-09-05,112,"ggdist"
2021-09-06,202,"ggdist"
2021-09-07,295,"ggdist"
2021-09-08,266,"ggdist"
2021-09-09,218,"ggdist"
2021-09-10,265,"ggdist"
2021-09-11,141,"ggdist"
2021-09-12,116,"ggdist"
2021-09-13,336,"ggdist"
2021-09-14,306,"ggdist"
2021-09-15,329,"ggdist"
2021-09-16,219,"ggdist"
2021-09-17,225,"ggdist"
2021-09-18,151,"ggdist"
2021-09-19,127,"ggdist"
2021-09-20,216,"ggdist"
2021-09-21,223,"ggdist"
2021-09-22,259,"ggdist"
2021-09-23,283,"ggdist"
2021-09-24,250,"ggdist"
2021-09-25,101,"ggdist"
2021-09-26,131,"ggdist"
2021-09-27,253,"ggdist"
2021-09-28,263,"ggdist"
2021-09-29,299,"ggdist"
2021-09-30,285,"ggdist"
2021-10-01,231,"ggdist"
2021-10-02,109,"ggdist"
2021-10-03,150,"ggdist"
2021-10-04,251,"ggdist"
2021-10-05,268,"ggdist"
2021-10-06,297,"ggdist"
2021-10-07,252,"ggdist"
2021-10-08,236,"ggdist"
2021-10-09,128,"ggdist"
2021-10-10,131,"ggdist"
2021-10-11,253,"ggdist"
2021-10-12,291,"ggdist"
2021-10-13,253,"ggdist"
2021-10-14,283,"ggdist"
2021-10-15,242,"ggdist"
2021-10-16,193,"ggdist"
2021-10-17,172,"ggdist"
2021-10-18,301,"ggdist"
2021-10-19,327,"ggdist"
2021-10-20,596,"ggdist"
2021-10-21,912,"ggdist"
2021-10-22,837,"ggdist"
2021-10-23,720,"ggdist"
2021-10-24,731,"ggdist"
2021-10-25,901,"ggdist"
2021-10-26,916,"ggdist"
2021-10-27,930,"ggdist"
2021-10-28,889,"ggdist"
2021-10-29,888,"ggdist"
2021-10-30,707,"ggdist"
2021-10-31,716,"ggdist"
2021-11-01,922,"ggdist"
2021-11-02,850,"ggdist"
2021-11-03,893,"ggdist"
2021-11-04,878,"ggdist"
2021-11-05,867,"ggdist"
2021-11-06,787,"ggdist"
2021-11-07,791,"ggdist"
2021-11-08,903,"ggdist"
2021-11-09,888,"ggdist"
2021-11-10,943,"ggdist"
2021-11-11,840,"ggdist"
2021-11-12,853,"ggdist"
2021-11-13,719,"ggdist"
2021-11-14,738,"ggdist"
2021-11-15,929,"ggdist"
2021-11-16,875,"ggdist"
2021-11-17,881,"ggdist"
2021-11-18,867,"ggdist"
2021-11-19,595,"ggdist"
2021-11-20,136,"ggdist"
2021-11-21,206,"ggdist"
2021-11-22,299,"ggdist"
2021-11-23,248,"ggdist"
2021-11-24,255,"ggdist"
2021-11-25,238,"ggdist"
2021-11-26,172,"ggdist"
2021-11-27,114,"ggdist"
2021-11-28,103,"ggdist"
2021-11-29,239,"ggdist"
2021-11-30,790,"ggdist"
2021-12-01,585,"ggdist"
2021-12-02,449,"ggdist"
2021-12-03,405,"ggdist"
2021-12-04,207,"ggdist"
2021-12-05,205,"ggdist"
2021-12-06,377,"ggdist"
2021-12-07,452,"ggdist"
2021-12-08,366,"ggdist"
2021-12-09,476,"ggdist"
2021-12-10,362,"ggdist"
2021-12-11,213,"ggdist"
2021-12-12,150,"ggdist"
2021-12-13,296,"ggdist"
2021-12-14,347,"ggdist"
2021-12-15,303,"ggdist"
2021-12-16,255,"ggdist"
2021-12-17,292,"ggdist"
2021-12-18,134,"ggdist"
2021-12-19,131,"ggdist"
2021-12-20,218,"ggdist"
2021-12-21,291,"ggdist"
2021-12-22,212,"ggdist"
2021-12-23,139,"ggdist"
2021-12-24,105,"ggdist"
2021-12-25,64,"ggdist"
2021-12-26,102,"ggdist"
2021-12-27,128,"ggdist"
2021-12-28,153,"ggdist"
2021-12-29,140,"ggdist"
2021-12-30,123,"ggdist"
2021-12-31,92,"ggdist"
2022-01-01,69,"ggdist"
2022-01-02,97,"ggdist"
2022-01-03,204,"ggdist"
2022-01-04,246,"ggdist"
2022-01-05,250,"ggdist"
2022-01-06,284,"ggdist"
2022-01-07,267,"ggdist"
2022-01-08,137,"ggdist"
2022-01-09,140,"ggdist"
2022-01-10,306,"ggdist"
2022-01-11,290,"ggdist"
2022-01-12,324,"ggdist"
2022-01-13,345,"ggdist"
2022-01-14,235,"ggdist"
2022-01-15,168,"ggdist"
2022-01-16,135,"ggdist"
2022-01-17,308,"ggdist"
2022-01-18,373,"ggdist"
2022-01-19,342,"ggdist"
2022-01-20,344,"ggdist"
2022-01-21,262,"ggdist"
2022-01-22,179,"ggdist"
2022-01-23,181,"ggdist"
2022-01-24,352,"ggdist"
2022-01-25,241,"ggdist"
2022-01-26,300,"ggdist"
2022-01-27,300,"ggdist"
2022-01-28,241,"ggdist"
2022-01-29,187,"ggdist"
2022-01-30,150,"ggdist"
2022-01-31,283,"ggdist"
2022-02-01,298,"ggdist"
2022-02-02,287,"ggdist"
2022-02-03,282,"ggdist"
2022-02-04,213,"ggdist"
2022-02-05,175,"ggdist"
2022-02-06,153,"ggdist"
2022-02-07,401,"ggdist"
2022-02-08,396,"ggdist"
2022-02-09,324,"ggdist"
2022-02-10,292,"ggdist"
2022-02-11,257,"ggdist"
2022-02-12,127,"ggdist"
2022-02-13,395,"ggdist"
2022-02-14,724,"ggdist"
2022-02-15,588,"ggdist"
2022-02-16,609,"ggdist"
2022-02-17,497,"ggdist"
2022-02-18,397,"ggdist"
2022-02-19,230,"ggdist"
